d√≠a,baseline,modelo,penalizaciones,solar
1 - 2017-12-12,1.5691996536070498,-0.16393399772896444,30.0,12.882
2 - 2017-12-13,1.6616237516360872,-0.09456127001363523,10.0,12.451
3 - 2017-12-14,1.6836901881669082,0.2265544807422042,10.0,11.899
4 - 2017-12-15,2.0648062594168213,-0.9656439601293609,30.0,13.350999999999997
5 - 2017-12-16,2.262957404622929,-0.47633067120091394,0.0,12.308999999999997
6 - 2017-12-17,1.1161829287691636,-0.41646560389829246,30.0,11.764
7 - 2017-12-18,1.6578211422942382,0.3980681689804141,10.0,13.076
8 - 2017-12-19,1.5900234674771747,-0.41160552250540644,40.0,11.751999999999999
9 - 2017-12-20,1.4486855389928626,-0.2611959613065178,20.0,11.784999999999998
10 - 2017-12-21,2.0747282474185864,-0.2709179860841654,30.0,12.247999999999998
11 - 2017-12-22,1.335467849668494,-0.4510918364141283,20.0,11.94
12 - 2017-12-23,1.2738583362547224,-0.5625866222603456,20.0,12.051
13 - 2017-12-24,2.3386149563822562,-0.2495616496036121,0.0,11.74
14 - 2017-12-25,1.5654147932970977,-0.9407408856200916,0.0,12.850999999999999
15 - 2017-12-26,0.8259179807005714,-1.4171738277830597,0.0,12.812999999999999
16 - 2017-12-27,1.691390584480637,0.2072357039874974,10.0,13.065
17 - 2017-12-28,1.6736725575849734,-0.9251060282984768,30.0,12.449
18 - 2017-12-29,1.8168150781864674,0.18149259144368068,40.0,12.722999999999999
19 - 2017-12-30,2.1221036320391584,-2.260455599596227,30.0,13.144999999999998
20 - 2017-12-31,1.7537006281712846,0.27811647313582316,40.0,13.187999999999997
21 - 2018-01-01,1.4962332597308492,-0.9611071724078021,0.0,12.223999999999998
22 - 2018-01-02,1.1823046854821246,-2.0980202786277453,10.0,12.780000000000001
23 - 2018-01-03,1.502726634644768,-1.0252023294174153,20.0,12.83
24 - 2018-01-04,1.6913595006546356,-1.81921006397262,20.0,13.043999999999999
25 - 2018-01-05,1.3113286392520282,-2.866484000020608,0.0,11.715
26 - 2018-01-06,1.911497466255605,-0.17233364400431006,30.0,13.001
27 - 2018-01-07,1.1465324746727905,-1.572031449564782,10.0,12.283999999999999
28 - 2018-01-08,1.8989631480533549,-0.5981382883993055,30.0,11.043
29 - 2018-01-09,1.8174167318059884,-0.36597079912293173,40.0,13.036999999999999
30 - 2018-01-10,1.660083541493298,0.333382886459077,0.0,12.796
31 - 2018-01-11,2.082310330829278,-0.818973505647302,10.0,11.866999999999999
32 - 2018-01-12,1.9053817656592227,-2.1850981153995224,30.0,13.315999999999999
33 - 2018-01-13,1.4547992945996338,-0.47110939524511264,30.0,12.817
34 - 2018-01-14,0.8641150314173528,-0.09838268035591574,10.0,12.834
35 - 2018-01-15,1.6817997076643574,-1.2218448158156567,20.0,11.881
36 - 2018-01-16,1.8054757020256662,-0.03403578961933784,50.0,12.764999999999999
37 - 2018-01-17,1.8448117257181325,-0.6832694727983568,20.0,13.411999999999999
38 - 2018-01-18,1.695972209278009,-0.5510221198676003,50.0,13.402
39 - 2018-01-19,1.1329630785952354,0.047134206028449366,40.0,12.734999999999998
40 - 2018-01-20,1.5869601862599232,0.0074051035312854285,30.0,12.283
41 - 2018-01-21,0.8519455346998526,-3.0998103122157916,0.0,12.649999999999997
42 - 2018-01-22,1.6034665549262204,-0.5392725497244426,0.0,12.996
43 - 2018-01-23,1.6032041076265358,0.2107339028106553,20.0,11.243
44 - 2018-01-24,1.7354498767345226,-2.814998742438963,10.0,12.949999999999998
45 - 2018-01-25,1.75092254826351,-0.47969573913555225,20.0,13.008
46 - 2018-01-26,1.3965675411354632,-0.747671389398724,40.0,12.183
47 - 2018-01-27,1.5443565213297141,-0.8716304196208415,10.0,11.62
48 - 2018-01-28,1.5259732727672972,0.5569707258269425,40.0,12.610000000000001
49 - 2018-01-29,0.8299224044789377,-1.1318100997592608,30.0,12.748
50 - 2018-01-30,1.7974161676001128,-1.2535845700706947,20.0,13.137
51 - 2018-01-31,1.713258102154646,-1.2082198062622174,20.0,13.261
52 - 2018-02-01,1.6883829724745045,-0.37276637722925715,30.0,12.139999999999999
53 - 2018-02-02,1.5982689944136035,-0.5154129339461868,20.0,12.522
54 - 2018-02-03,1.257119688295935,0.6477283702652239,10.0,12.468999999999998
55 - 2018-02-04,1.1007460943811305,-1.6530593562268912,40.0,10.69
56 - 2018-02-05,1.4183029587467346,-0.4033246933273393,20.0,12.249999999999998
57 - 2018-02-06,2.1313416077344742,0.2869300251661503,10.0,12.847
58 - 2018-02-07,1.6500085140375833,-0.1292594410598068,50.0,12.972
59 - 2018-02-08,2.1040041277116592,-0.7847073898068239,20.0,11.902000000000001
60 - 2018-02-09,1.539860368999022,-2.1692353974496363,0.0,11.296999999999999
61 - 2018-02-10,1.2477129034040513,-2.3052649259344795,10.0,13.535000000000002
62 - 2018-02-11,1.996854725409912,-0.4794063380731748,30.0,12.131999999999998
63 - 2018-02-12,1.4917045368973805,-0.0859085627967901,40.0,12.24
64 - 2018-02-13,1.5114719471685507,-0.5832589644632324,10.0,12.921
65 - 2018-02-14,1.4226832069780757,-0.47598699789478616,30.0,12.714
66 - 2018-02-15,1.625589179003889,-0.5028406095577664,40.0,12.958999999999998
67 - 2018-02-16,0.9142677930030562,-3.299395071774496,30.0,12.821
68 - 2018-02-17,1.4769346496473783,-0.7799245632272407,20.0,12.259000000000002
69 - 2018-02-18,1.1981594730756953,-0.74720350355998,50.0,11.863999999999999
70 - 2018-02-19,1.6801341733272457,-1.1318340150918782,10.0,12.886
71 - 2018-02-20,1.4784150595190704,-1.98907635458926,20.0,12.502
72 - 2018-02-21,1.5531190763146352,-0.9025638462457836,20.0,13.238999999999999
73 - 2018-02-22,1.8697577970347288,0.1835798116003261,30.0,12.604999999999999
74 - 2018-02-23,1.0133615078118492,-3.098000168622533,20.0,12.905
75 - 2018-02-24,1.4141816122949484,-1.07332335649352,10.0,12.473
76 - 2018-02-25,0.8753569589911931,-0.33317278525636895,50.0,13.118999999999998
77 - 2018-02-26,1.1673631007013876,-0.6637837766213368,20.0,12.534999999999998
78 - 2018-02-27,1.7077297649952354,-0.797429811711299,30.0,12.749999999999998
79 - 2018-02-28,1.4365055218264615,-2.193886190398055,20.0,12.347999999999999
80 - 2018-03-01,1.4762040775758636,0.27242364461913704,30.0,11.801
81 - 2018-03-02,1.0563487787567707,-3.0474876565924336,40.0,16.593
82 - 2018-03-03,1.1840748538529606,-0.7589006708879775,10.0,17.394
83 - 2018-03-04,1.3823547962837042,-2.1192446308187387,30.0,17.392
84 - 2018-03-05,1.0780083747077063,-0.8385635965951882,40.0,17.406999999999996
85 - 2018-03-06,1.5150700057694495,-0.17259047002285566,40.0,16.547
86 - 2018-03-07,1.2661594709182347,-2.073058667449353,30.0,16.433999999999997
87 - 2018-03-08,1.5925052856147415,-0.41531525960890203,40.0,16.125999999999998
88 - 2018-03-09,1.4806617569609695,-1.9533504984217698,20.0,16.897
89 - 2018-03-10,1.1323535451660351,-1.9665353646689387,10.0,16.978999999999996
90 - 2018-03-11,1.0739634434266594,-2.8351970896877354,20.0,16.654999999999998
91 - 2018-03-12,1.2305968167205792,-2.1124916477079974,40.0,17.387999999999998
92 - 2018-03-13,1.5904267781549712,-0.9058367735948134,30.0,16.374
93 - 2018-03-14,1.2174157104144911,-1.3516085245387692,10.0,16.663
94 - 2018-03-15,1.9060484592820808,-1.098184201548414,30.0,17.679
95 - 2018-03-16,1.2035069356342478,-2.1237368751184853,20.0,16.758999999999997
96 - 2018-03-17,1.6270862923770868,-1.3947728112406654,20.0,17.546999999999997
97 - 2018-03-18,1.2887157225288755,-2.633406977014253,20.0,17.086
98 - 2018-03-19,1.4487881812395254,-1.2701857075234724,20.0,17.203999999999997
99 - 2018-03-20,1.350938871363811,-1.4415062507524026,20.0,17.665
100 - 2018-03-21,1.3746334138348861,-2.175663809349604,20.0,17.49
101 - 2018-03-22,1.5280323864444774,-0.37771532030490723,0.0,17.241999999999997
102 - 2018-03-23,1.2700984335247048,-1.791042641265908,20.0,17.108999999999998
103 - 2018-03-24,1.4055407105449558,-1.6440547559503238,20.0,16.697
104 - 2018-03-25,0.9090890491173168,-1.8177880775261586,30.0,18.157999999999998
105 - 2018-03-26,1.1574013469674818,-1.6928773873234362,30.0,17.485
106 - 2018-03-27,1.544860244975426,-2.9323079202399644,10.0,17.483999999999998
107 - 2018-03-28,1.6229482890659295,-0.5649130118742072,30.0,17.267
108 - 2018-03-29,0.9806280471879412,-2.116706257753667,20.0,17.482999999999997
109 - 2018-03-30,0.3736952652336033,-1.2951988705120234,30.0,16.912999999999997
110 - 2018-03-31,0.3639955040535445,-3.416750495679118,10.0,17.198999999999998
111 - 2018-04-01,0.3993193522479621,-1.4007499862945427,40.0,17.601
112 - 2018-04-02,0.34925664183142757,-3.979039665910947,20.0,18.622
113 - 2018-04-03,0.4166456509569096,-2.701235024593533,20.0,19.434
114 - 2018-04-04,1.2960007103017577,-0.6036483956643872,20.0,18.348000000000003
115 - 2018-04-05,1.5171331298062605,-2.9329092573021245,30.0,19.515
116 - 2018-04-06,1.5020837691148317,-2.2930131219513314,30.0,17.511
117 - 2018-04-07,1.5284926420534668,-1.275092238222781,20.0,17.751
118 - 2018-04-08,1.7064435310166157,-1.3010212420613132,30.0,18.76
119 - 2018-04-09,1.2323900377996868,-2.301106481108079,40.0,19.630000000000006
120 - 2018-04-10,1.4418770298484331,-3.6365758110297364,20.0,19.486
121 - 2018-04-11,1.230429725508806,-1.3041842598991944,10.0,17.533
122 - 2018-04-12,1.36793925900869,-0.7049027751768311,40.0,18.497000000000003
123 - 2018-04-13,1.4854735689043852,-1.515727985359418,20.0,18.192999999999998
124 - 2018-04-14,1.1548951075983516,-2.3780390063905124,10.0,18.837
125 - 2018-04-15,1.2635784597650115,-0.8590628615916198,20.0,18.991000000000003
126 - 2018-04-16,1.2892765387115237,-1.0021203973670962,10.0,18.967000000000002
127 - 2018-04-17,1.4639620502618294,-2.1892970711818114,10.0,18.669
128 - 2018-04-18,1.3479482616693215,-0.6321855632701456,40.0,19.642000000000007
129 - 2018-04-19,1.1527799959069287,-2.6569179662389524,20.0,18.976000000000003
130 - 2018-04-20,1.485391257291386,-1.858751961079384,30.0,19.860000000000003
131 - 2018-04-21,1.3037072113887476,-1.5600075841730972,10.0,19.233000000000004
132 - 2018-04-22,0.8544208186459122,-1.8867687503876882,50.0,18.328
133 - 2018-04-23,0.9361441459324639,-1.960668483422299,10.0,19.794
134 - 2018-04-24,1.2492825838649761,-1.454983285298786,20.0,18.726
135 - 2018-04-25,1.4022098231938576,-2.8229336507858873,0.0,18.521
136 - 2018-04-26,1.6477631083153228,-1.5663011250748347,30.0,17.620000000000005
137 - 2018-04-27,1.567537778715684,-1.0765596415493481,10.0,19.495000000000005
138 - 2018-04-28,0.9567187336847006,-0.5308682662742863,30.0,17.5
139 - 2018-04-29,1.5526489394332397,-1.8720957584377032,20.0,18.270000000000003
140 - 2018-04-30,0.9464345521296945,-1.8724860339579454,40.0,19.056
141 - 2018-05-01,1.1972684551952577,-2.0578211699357083,30.0,15.483
142 - 2018-05-02,0.9858557656784274,-2.6549347218101103,30.0,21.516000000000002
143 - 2018-05-03,1.8155109268322287,-1.277193811230959,10.0,21.087
144 - 2018-05-04,1.2401747292847218,-2.6347307554362014,20.0,21.486
145 - 2018-05-05,1.294673880153202,-0.8822991327903359,30.0,19.948999999999998
146 - 2018-05-06,0.9999261916311996,-1.4428033606371762,40.0,21.067
147 - 2018-05-07,0.9587504701972993,-3.1129599963609005,10.0,22.139999999999997
148 - 2018-05-08,1.644112518755342,-3.7952155808402117,30.0,21.977999999999998
149 - 2018-05-09,1.5291117230754177,-2.4735673232476207,20.0,21.977
150 - 2018-05-10,1.4009520317605515,-2.2814833009162805,40.0,21.968
151 - 2018-05-11,1.2836787902470228,-1.949213817922702,20.0,21.621
152 - 2018-05-12,1.3750416317710963,-0.6573189626886207,40.0,20.432
153 - 2018-05-13,1.507363320299991,-2.021412188778984,30.0,20.655999999999995
154 - 2018-05-14,1.2934605333408609,-2.171403957803226,20.0,21.797
155 - 2018-05-15,1.2658155099276436,-1.1606431030836424,30.0,20.294
156 - 2018-05-16,1.2417276137050772,-1.9569046509408239,20.0,20.259
157 - 2018-05-17,1.4570940029498702,-1.6515085170470987,20.0,18.793000000000003
158 - 2018-05-18,1.2445470137163415,-0.7724754123132719,30.0,20.599999999999998
159 - 2018-05-19,0.9898533717961856,-3.928667143458891,10.0,22.031999999999996
160 - 2018-05-20,1.0658751626024,-1.3679738914372903,20.0,20.685
161 - 2018-05-21,1.2485299181261214,-2.154372294742019,20.0,21.281999999999996
162 - 2018-05-22,1.8016162795539157,-0.761528388772694,0.0,21.308
163 - 2018-05-23,1.4232967534802679,-1.938670234104962,20.0,21.83
164 - 2018-05-24,1.31130623686865,-1.6674953227088116,10.0,20.872999999999998
165 - 2018-05-25,1.4045099781895216,-2.215612167167506,40.0,21.676
166 - 2018-05-26,1.2007584581740687,-1.70848954439442,10.0,20.973
167 - 2018-05-27,1.5105748436717934,-1.9845587764506432,40.0,20.942000000000004
168 - 2018-05-28,0.9894315015302475,-2.7839762315622427,30.0,22.325999999999997
169 - 2018-05-29,1.8700823882385513,-1.595277154055797,0.0,21.452
170 - 2018-05-30,1.1003258729840626,-0.8319649928962011,40.0,21.186999999999998
171 - 2018-05-31,0.8585910113717314,-1.4875674546686761,40.0,19.967999999999996
172 - 2018-06-01,1.4123773767339385,-2.8926414936777967,10.0,18.536
173 - 2018-06-02,1.4224538764773407,-2.386881066376846,30.0,21.182
174 - 2018-06-03,1.3421424270200395,-3.616750824948139,20.0,21.633999999999997
175 - 2018-06-04,0.8575532457272808,-1.489910600405179,30.0,20.947000000000003
176 - 2018-06-05,1.3696161836208307,-1.1423014029579042,40.0,21.111999999999995
177 - 2018-06-06,1.385659891217947,-1.7410841151506535,20.0,21.43
178 - 2018-06-07,1.1264033564739153,-1.5118942083357931,20.0,20.372
179 - 2018-06-08,1.2000902843815688,-1.5092428320279512,20.0,21.636999999999997
180 - 2018-06-09,1.5351545873850525,-2.2656761329323953,20.0,22.220999999999997
181 - 2018-06-10,1.147734471450408,-0.8281948282740421,30.0,20.375
182 - 2018-06-11,1.1053395650947164,-1.5698732399117517,30.0,21.195999999999998
183 - 2018-06-12,1.2985458805757244,-2.098803282175281,30.0,21.017999999999997
184 - 2018-06-13,1.5284633328366732,-2.20494469415105,20.0,20.860999999999997
185 - 2018-06-14,1.1505204189857148,-2.8171174513646893,30.0,21.092
186 - 2018-06-15,1.3039037818753876,-2.9547739304304907,20.0,21.243000000000002
187 - 2018-06-16,1.2723968512535664,-2.8157950312390057,20.0,20.065
188 - 2018-06-17,0.9045358282462312,-2.4789187485193653,10.0,22.16
189 - 2018-06-18,1.4183335285154726,-1.8733718306734157,20.0,21.712999999999994
190 - 2018-06-19,1.8783424521903809,-2.277843559662433,10.0,19.889
191 - 2018-06-20,1.6125144777803582,-1.9843696759996976,30.0,19.143000000000004
192 - 2018-06-21,1.9717617222677106,-0.9462221466687377,20.0,21.005999999999997
193 - 2018-06-22,1.5936276799188684,-1.5235986911833441,30.0,21.072999999999997
194 - 2018-06-23,0.9122198825416474,-1.3021239269507159,20.0,22.537999999999997
195 - 2018-06-24,0.38572932314713987,-3.173915232399801,10.0,20.436999999999998
196 - 2018-06-25,0.5112463942405745,-4.555839594721594,40.0,21.119
197 - 2018-06-26,1.6450301227905804,0.05032730436082594,50.0,20.442999999999998
198 - 2018-06-27,1.5940197410285821,-3.325004661071899,10.0,20.979
199 - 2018-06-28,1.6442027735639586,-1.4275190228527705,30.0,20.695999999999998
200 - 2018-06-29,1.2413394964642326,-1.503363302768943,20.0,21.174000000000003
201 - 2018-06-30,1.2328548284311647,-2.646288172484632,20.0,20.148999999999997
202 - 2018-07-01,1.2908634124341178,-0.6279137546270562,40.0,20.425
203 - 2018-07-02,1.3634059251954227,-1.1724267152227585,30.0,21.575
204 - 2018-07-03,1.4851007192976189,-2.155161726086867,10.0,21.593
205 - 2018-07-04,1.662205377107687,-2.938882766148361,40.0,20.153999999999996
206 - 2018-07-05,1.4587729595487204,-0.3599741522633133,30.0,21.627
207 - 2018-07-06,1.0626303054194977,-3.0096430255825153,10.0,21.25
208 - 2018-07-07,0.6769446665401773,-2.7696678518021116,30.0,21.107000000000003
209 - 2018-07-08,0.4160992003346027,-1.582006400252995,30.0,21.092999999999996
210 - 2018-07-09,0.5381709011980268,-1.729544733484964,20.0,22.014999999999997
211 - 2018-07-10,1.2293960571995315,-4.098313377186967,10.0,21.154999999999998
212 - 2018-07-11,1.485852043615398,-2.4296490973011453,30.0,22.218999999999998
213 - 2018-07-12,1.1458291498104853,-2.190769476113136,20.0,21.394
214 - 2018-07-13,1.2740031799392535,-1.8125374487514045,20.0,20.750999999999998
215 - 2018-07-14,1.1365390007422493,-3.634732099201666,30.0,19.406
216 - 2018-07-15,0.4371581006173592,-1.438792496611131,20.0,22.048999999999996
217 - 2018-07-16,0.6306574519716214,-3.1303681018868956,30.0,22.317999999999998
218 - 2018-07-17,1.346367412342418,-1.7128599703549323,20.0,20.29
219 - 2018-07-18,0.9634577293024417,-1.9297977366485062,20.0,21.810999999999996
220 - 2018-07-19,0.4686595674294777,-2.3879579814477427,20.0,20.651
221 - 2018-07-20,0.4557809582109198,-1.0560555759781778,20.0,19.991999999999997
222 - 2018-07-21,0.449995128764073,-3.477947588525896,10.0,20.817999999999998
223 - 2018-07-22,0.4445927317204991,-1.4495209914802625,40.0,21.086999999999996
224 - 2018-07-23,0.4005598531540569,-3.1207439798689207,10.0,21.510999999999996
225 - 2018-07-24,0.4368662255293322,-1.6925256659497863,20.0,21.394
226 - 2018-07-25,0.5905421615493277,-2.962240385965363,20.0,20.967
227 - 2018-07-26,1.5825176527480367,-0.8186640706392468,10.0,19.759
228 - 2018-07-27,0.973523267144848,-3.0143894518703958,0.0,21.932999999999996
229 - 2018-07-28,0.47125909814573536,-2.0905980058616063,50.0,21.528000000000002
230 - 2018-07-29,0.4403875250710892,-0.9057105235678368,10.0,19.589999999999996
231 - 2018-07-30,0.6217923496662401,-2.5351543402359034,20.0,21.461999999999996
232 - 2018-07-31,1.1353063818019848,-1.8637208058595165,10.0,20.54
233 - 2018-08-01,1.2613875809467834,-2.7968458471424795,10.0,21.941
234 - 2018-08-02,1.1124728466846048,-2.1969360010123755,30.0,21.685
235 - 2018-08-03,1.3504802236487268,-0.6379825353127947,30.0,21.52
236 - 2018-08-04,0.9030587903042528,-3.2574259764619797,20.0,21.925999999999995
237 - 2018-08-05,0.47839234612954057,-3.673304582495086,20.0,19.395
238 - 2018-08-06,0.6007410771367617,-2.7911613203074443,10.0,20.247999999999998
239 - 2018-08-07,1.413114033125835,-2.1785740731662724,10.0,20.278
240 - 2018-08-08,1.330238659812891,-1.5537189479247493,10.0,20.230999999999998
241 - 2018-08-09,1.388650019186548,-2.0398717298119906,10.0,22.467
242 - 2018-08-10,1.2793373788108857,-2.2857876456060313,10.0,22.034000000000002
243 - 2018-08-11,0.7055362619484413,-2.344787743882158,30.0,22.346
244 - 2018-08-12,0.4132679042012005,-3.8227748188799926,20.0,21.084
245 - 2018-08-13,0.609982645498629,-2.9598488451057396,30.0,21.874
246 - 2018-08-14,1.2828731079568978,-1.2007052789248769,10.0,20.802999999999997
247 - 2018-08-15,1.225684308836829,-1.1718813856882775,20.0,22.223999999999997
248 - 2018-08-16,0.8807334631100359,-2.087125939149738,30.0,21.726999999999997
249 - 2018-08-17,1.5581077905086147,-1.7254303990294624,20.0,21.29
250 - 2018-08-18,0.7614427401860627,-1.0785249334766767,20.0,20.932
251 - 2018-08-19,0.3917242142449578,-2.4857503703611132,20.0,21.49
252 - 2018-08-20,0.5724201814784469,-3.2847915731925488,40.0,20.631
253 - 2018-08-21,1.345891870424456,-0.9559492332432173,30.0,21.244
254 - 2018-08-22,1.5806485744372505,-3.51158850037952,10.0,20.608999999999998
255 - 2018-08-23,1.413802525658916,-1.3866681799874856,40.0,20.351
256 - 2018-08-24,1.4957862746585904,-1.0888458244630677,20.0,20.078000000000003
257 - 2018-08-25,1.3604441397202507,-0.6433439825379308,20.0,21.798
258 - 2018-08-26,0.9463639195924394,-1.7048237220548441,10.0,20.741999999999997
259 - 2018-08-27,0.9533444731059033,-4.636014270124555,0.0,21.709999999999997
260 - 2018-08-28,1.4527117582514115,-0.07717805486102614,40.0,20.741
261 - 2018-08-29,1.5936025536656395,-0.5240086455339474,20.0,21.159000000000002
262 - 2018-08-30,0.9548531152402906,-3.6376467151358076,10.0,21.793999999999997
263 - 2018-08-31,1.3539293113797723,-2.8669506638634847,10.0,22.103999999999996
264 - 2018-09-01,0.7602374995531596,-0.7244342820050766,40.0,21.020999999999997
265 - 2018-09-02,0.41338714838603735,-1.8069024946044423,40.0,19.766000000000002
266 - 2018-09-03,0.5985666099416652,-2.1965701393013366,30.0,19.345000000000002
267 - 2018-09-04,1.3774529192064637,-1.6125449078119067,40.0,16.503
268 - 2018-09-05,1.3096248186513375,-0.6700755708300183,0.0,17.827000000000005
269 - 2018-09-06,1.5319223516053566,-1.186483346879672,20.0,19.896
270 - 2018-09-07,1.5698422199758488,-0.5711325674225964,50.0,19.517
271 - 2018-09-08,1.201499715369451,-0.5171374709377844,20.0,19.776000000000003
272 - 2018-09-09,0.4625181982824275,-3.919514924758765,10.0,19.136000000000003
273 - 2018-09-10,0.6337189408463346,-1.8356274979911666,30.0,18.142000000000003
274 - 2018-09-11,1.531341026252899,-1.5138221331288786,20.0,18.031000000000002
275 - 2018-09-12,1.3039014341834305,-0.9817557775576933,10.0,19.232000000000006
276 - 2018-09-13,1.589623712885353,-1.5208370693084532,20.0,20.001
277 - 2018-09-14,1.4456007393878347,-1.7380189069180845,40.0,18.845999999999997
278 - 2018-09-15,1.0011377088996154,-3.2970776913401707,20.0,19.336000000000006
279 - 2018-09-16,0.6464297536723733,-2.1527497411928946,40.0,19.064
280 - 2018-09-17,0.7407640265487334,-3.014818508683863,40.0,19.526
281 - 2018-09-18,1.5840504785032614,-2.6730849398944847,10.0,16.946
282 - 2018-09-19,1.2185428561352063,-1.7732137924062215,20.0,19.139000000000003
283 - 2018-09-20,1.4949550691266962,-0.9193967823292271,20.0,18.827000000000005
284 - 2018-09-21,1.2867658159910538,-0.36912227712258094,40.0,18.504000000000005
285 - 2018-09-22,1.1326265815909942,-1.6942288406761006,20.0,18.871000000000006
286 - 2018-09-23,0.4636423761985578,-1.4818739135494547,30.0,15.817999999999998
287 - 2018-09-24,0.5839112656553368,-2.1124116533608444,30.0,18.279000000000003
288 - 2018-09-25,1.4602332838854186,-1.758078873283948,0.0,19.492
289 - 2018-09-26,1.2395871806363832,-1.3459949334686239,30.0,18.749000000000002
290 - 2018-09-27,1.4400012416368768,-1.890626876914638,0.0,19.761999999999997
291 - 2018-09-28,1.4241379431848957,-0.9139128208781307,30.0,19.657000000000004
292 - 2018-09-29,1.0241354278762576,-2.5011204200680446,10.0,19.642000000000003
293 - 2018-09-30,0.6710711595761427,-2.1619369409768128,40.0,18.887000000000004
294 - 2018-10-01,0.8041126908359084,-3.8490076013395784,20.0,19.018000000000004
295 - 2018-10-02,1.0139650479698856,-2.7110933179249095,20.0,16.133999999999997
296 - 2018-10-03,1.5362581939246729,-1.3778702391362438,30.0,17.295999999999996
297 - 2018-10-04,1.0412558444130964,-2.834029537351673,20.0,17.950999999999997
298 - 2018-10-05,1.7217962290773656,-0.6891934383882141,10.0,16.64
299 - 2018-10-06,1.330223449628552,-1.5676094720331555,20.0,17.101999999999997
300 - 2018-10-07,1.3098011697113237,-3.4758565969597286,20.0,16.967999999999996
301 - 2018-10-08,1.243961909089898,-1.5348845609568127,10.0,17.313999999999997
302 - 2018-10-09,1.9574597734796417,-0.6647640673490022,40.0,15.683999999999997
303 - 2018-10-10,1.5161744220505087,-1.9480182978844696,30.0,17.41
304 - 2018-10-11,1.938887163274651,-1.0715157746217163,0.0,15.690000000000001
305 - 2018-10-12,1.9615671662374097,-2.2583203291327196,10.0,17.432
306 - 2018-10-13,1.5631822356594782,-1.2221753150754038,40.0,16.691
307 - 2018-10-14,0.3827651115854946,-1.775207023301169,40.0,16.916999999999998
308 - 2018-10-15,0.9696610995927473,-1.7283508104379663,10.0,17.294999999999998
309 - 2018-10-16,1.5649556711620431,-1.5047197956598453,20.0,17.265
310 - 2018-10-17,1.2758119223079643,-2.9059211055125074,10.0,16.857999999999997
311 - 2018-10-18,1.6094966072873707,-1.2648213138623703,20.0,16.54
312 - 2018-10-19,1.4449409055824458,-2.1212490093743113,20.0,17.942999999999998
313 - 2018-10-20,0.9377793049419793,-0.5596179272515253,10.0,15.314
314 - 2018-10-21,1.2319103533097264,-2.940641320184319,10.0,16.794999999999998
315 - 2018-10-22,0.9187197540208512,-1.502744626300142,20.0,17.154
316 - 2018-10-23,1.1425322551148707,-1.197062535139306,30.0,17.222
317 - 2018-10-24,1.7922247352998577,-0.07074496717340906,0.0,16.049999999999997
318 - 2018-10-25,2.130076425267987,-0.6901956500501181,20.0,16.287
319 - 2018-10-26,1.5283792139526338,-0.7597501979407235,30.0,17.749999999999996
320 - 2018-10-27,1.7476334467012795,-1.293821152366978,20.0,16.506
321 - 2018-10-28,1.0731702066721698,-2.3551871679154956,40.0,16.700999999999997
322 - 2018-10-29,1.3819246609910312,-0.8261250854829979,10.0,16.006
323 - 2018-10-30,1.822555975374082,-2.285152003057728,30.0,16.536
324 - 2018-10-31,1.450840897126545,-0.19898474321829196,30.0,15.184999999999999
325 - 2018-11-01,1.4485153997380176,-1.6651984083420104,10.0,17.115
326 - 2018-11-02,0.9305918957362271,-1.0122973952218077,10.0,14.535000000000002
327 - 2018-11-03,1.9116883135265204,-0.9063338200742301,30.0,13.648000000000001
328 - 2018-11-04,1.1601884519470216,-2.019030466350376,30.0,14.868
329 - 2018-11-05,1.814056298521163,-0.45811428351220385,20.0,14.756
330 - 2018-11-06,2.070553066474295,-1.8626510428178336,40.0,13.847000000000001
331 - 2018-11-07,1.8090796889851333,-1.6376776617173898,50.0,15.443
332 - 2018-11-08,1.675775586026219,-0.5566929396664486,30.0,15.052
333 - 2018-11-09,1.6689140209564692,-1.0877298605089913,40.0,14.433
334 - 2018-11-10,1.4074839874542335,0.03251697604252479,20.0,15.259000000000002
335 - 2018-11-11,0.8307469834153328,-3.339384820417025,20.0,14.963
336 - 2018-11-12,1.3626816275959717,-0.4827685053635755,40.0,13.506
337 - 2018-11-13,1.7158395442536591,-0.2208026475426853,20.0,15.097000000000001
338 - 2018-11-14,1.4275391279796357,-2.4108875115597006,30.0,15.47
339 - 2018-11-15,1.2585533738984376,-0.4963167748743985,30.0,15.079
340 - 2018-11-16,1.3195496771033295,-0.824342356858571,10.0,13.441000000000003
341 - 2018-11-17,1.0773554716941818,-0.6325888545533513,0.0,15.388000000000002
342 - 2018-11-18,1.4943687917196913,-0.8949839058821222,20.0,15.152000000000001
343 - 2018-11-19,1.3434058070178359,-2.312792911855934,0.0,14.038
344 - 2018-11-20,1.402411182448583,-1.4155620642494287,40.0,13.889
345 - 2018-11-21,1.4143947862784019,0.037101948742259416,30.0,15.049000000000003
346 - 2018-11-22,1.713021799585982,-0.6775507596095385,40.0,14.738999999999999
347 - 2018-11-23,1.1932237523230331,-0.4816167709682057,20.0,13.989
348 - 2018-11-24,1.0758612856171401,-2.574243368512147,10.0,14.947
349 - 2018-11-25,1.4811330366242308,-0.0003390083389633869,30.0,15.075999999999999
350 - 2018-11-26,1.1446190384353552,-1.2626301758383518,30.0,14.641
351 - 2018-11-27,1.9709295842086403,-0.4281260589401757,10.0,14.956999999999999
352 - 2018-11-28,1.173216641360641,-1.163192135818473,30.0,15.545000000000002
353 - 2018-11-29,1.2296653045782664,-1.082892429079578,30.0,15.337000000000002
354 - 2018-11-30,1.2422206497909398,-0.9874345728149407,10.0,15.277
355 - 2018-12-01,1.0628414525183059,-1.2569390848107351,20.0,14.714
356 - 2018-12-02,1.704227458204306,-0.04253151818064345,40.0,12.317999999999998
357 - 2018-12-03,1.0956620204701921,-0.902537058038582,10.0,12.304999999999998
358 - 2018-12-04,1.3262918406502269,0.006906233318374422,10.0,12.179
359 - 2018-12-05,1.532761908227801,-2.8804610102328705,10.0,12.757999999999997
360 - 2018-12-06,1.2951535966740906,0.15112299103724391,20.0,12.398999999999997
361 - 2018-12-07,1.0755838865565561,-2.4283220052230887,10.0,12.614
362 - 2018-12-08,1.0562765280802704,-1.6142813584186388,20.0,12.088
363 - 2018-12-09,0.7691418491589638,-1.626656326771708,20.0,13.094
364 - 2018-12-10,0.9844338521483444,-0.7746399924027743,20.0,12.844
365 - 2018-12-11,1.7919665748256823,0.3408704664571919,20.0,13.109
366 - 2018-12-12,1.2496524729658027,-1.453354635384622,60.0,13.041000000000002
367 - 2018-12-13,1.4720450173060249,0.007727500846279989,30.0,12.145
368 - 2018-12-14,1.5461904754840157,-1.4763046721168216,20.0,12.659
369 - 2018-12-15,1.4842485527876925,-1.5924379684091698,20.0,12.433000000000002
370 - 2018-12-16,1.077242303146892,-0.9505050560894964,30.0,12.159
371 - 2018-12-17,1.2033095824144813,-0.5288353366911068,40.0,12.594
372 - 2018-12-18,1.629815859930308,-0.3870034133961338,0.0,13.176
373 - 2018-12-19,1.2439091577842492,-0.8103504435885741,20.0,12.361000000000002
374 - 2018-12-20,1.1081847701667589,-1.1159866813310106,10.0,13.463
375 - 2018-12-21,1.4512436084600777,-0.18914458687008318,30.0,12.591
376 - 2018-12-22,1.1899166444161355,-0.6723671119311814,20.0,12.572
377 - 2018-12-23,1.2031090709483256,-0.9807302657295855,20.0,12.776999999999997
378 - 2018-12-24,1.6644067413930865,-1.6523518464878544,40.0,11.728
379 - 2018-12-25,1.169573703589884,0.8900525082962489,20.0,12.466999999999999
380 - 2018-12-26,0.6485752128803787,-1.6034978024244146,10.0,12.082999999999998
381 - 2018-12-27,1.1647942148876846,-0.7313646089186006,10.0,11.943999999999997
382 - 2018-12-28,1.322698642872456,-1.1997467063373686,10.0,12.700999999999999
383 - 2018-12-29,0.9965724639422817,-1.874604833838331,10.0,11.854000000000001
384 - 2018-12-30,1.503216499657966,0.06873262527785462,30.0,12.386000000000003
385 - 2018-12-31,1.5249840172610611,-1.6262599339179153,30.0,12.193999999999999
386 - 2019-01-01,1.7276036627303335,-2.1768465000623705,20.0,13.405
387 - 2019-01-02,0.7113643147882768,-1.1170048409315296,10.0,12.866000000000001
388 - 2019-01-03,1.189273623824692,-0.1468926197370412,20.0,12.697
389 - 2019-01-04,1.2587993246177502,-0.6046664382702716,20.0,12.286
390 - 2019-01-05,0.9818415828384276,-0.8227368045456143,20.0,13.188999999999998
391 - 2019-01-06,1.104191268735179,-2.2566838460146807,30.0,12.617999999999999
392 - 2019-01-07,0.8305753018871832,-0.6531112337513297,40.0,13.147999999999998
393 - 2019-01-08,1.5426626170626532,-1.7424641791375655,20.0,12.488999999999999
394 - 2019-01-09,1.3648683373196826,-1.3964411939127583,30.0,13.379
395 - 2019-01-10,1.4172830789290638,-0.5732974382842705,20.0,12.14
396 - 2019-01-11,1.4167537514428132,0.9041496221112558,30.0,12.616
397 - 2019-01-12,1.0684059720620096,-2.386415918550072,20.0,13.073
398 - 2019-01-13,0.6204858284238709,-0.664844119310626,30.0,10.949
399 - 2019-01-14,0.9024153247456993,-0.17800231565871877,20.0,12.372999999999998
400 - 2019-01-15,1.571572966964756,-1.6352462397682603,30.0,11.611999999999998
401 - 2019-01-16,1.1134948792753407,-2.029825879299679,20.0,12.190999999999999
402 - 2019-01-17,1.3691138434865595,-0.31450578791124073,20.0,12.354
403 - 2019-01-18,1.0065523272662462,-0.7532994849338417,10.0,12.488999999999999
404 - 2019-01-19,1.4338965387966516,-0.056875683510416164,30.0,12.826999999999998
405 - 2019-01-20,1.2389005647454199,-0.9360369381988413,10.0,13.358999999999998
406 - 2019-01-21,0.7849294008739167,-1.2744322987170946,30.0,12.972
407 - 2019-01-22,1.302941622276287,-0.6072566846369924,30.0,12.362
408 - 2019-01-23,1.4570605757589739,0.25977928133137196,20.0,11.87
409 - 2019-01-24,1.848283900005538,-0.033693842252597,10.0,13.101
410 - 2019-01-25,1.5917429057045847,-0.2396613235411461,30.0,11.452
411 - 2019-01-26,0.8148245280245014,-3.341662467635683,10.0,12.671
412 - 2019-01-27,1.3116453485333004,-0.7904775652168434,30.0,11.844999999999999
413 - 2019-01-28,1.268847695015508,-0.6642171961954625,20.0,12.633
414 - 2019-01-29,1.7025394626760848,0.8766355561036925,30.0,12.839999999999998
415 - 2019-01-30,1.5998377506150627,-1.7400083801684194,30.0,11.839000000000002
416 - 2019-01-31,1.4896521565399985,-1.0619206399762053,30.0,12.497
417 - 2019-02-01,1.5077453453926042,-0.5345016593319476,20.0,13.144
418 - 2019-02-02,1.4976801984627994,0.23788373485291914,0.0,12.891
419 - 2019-02-03,1.8913510825808393,-1.214804920246693,10.0,12.346
420 - 2019-02-04,1.174431917679694,-0.42215852313303714,40.0,12.077
421 - 2019-02-05,1.2673734873938078,-1.1695895189511802,20.0,12.520999999999999
422 - 2019-02-06,1.6730899812856204,-0.5271202391347702,20.0,12.833999999999998
423 - 2019-02-07,1.3301220705854115,-2.429648122681977,20.0,12.227
424 - 2019-02-08,1.2013603514262083,-0.024888302099209336,10.0,12.957
425 - 2019-02-09,1.146201005182471,-1.564617253359636,0.0,12.808999999999997
426 - 2019-02-10,0.9934069491457342,-2.199549083092632,0.0,13.148
427 - 2019-02-11,1.173656808835406,-0.6452817578895769,20.0,11.460999999999999
428 - 2019-02-12,1.6558654953957628,0.38911657044971204,40.0,12.803999999999998
429 - 2019-02-13,1.1375586563493585,-1.693749610505149,10.0,12.761000000000001
430 - 2019-02-14,1.5877709283424046,-0.4705477957251457,50.0,12.418999999999999
431 - 2019-02-15,1.206096508849972,-1.9643986560612738,10.0,12.499
432 - 2019-02-16,1.6457772641258464,-1.41359864035081,10.0,11.867999999999999
433 - 2019-02-17,1.1753330454745405,-0.9768576263370351,0.0,12.605
434 - 2019-02-18,0.8871074844634389,-0.9426630109540665,30.0,13.045
435 - 2019-02-19,1.4462090965994865,-0.9311378752200842,30.0,12.955
436 - 2019-02-20,1.5449798755356943,0.347687231947181,20.0,12.195000000000002
437 - 2019-02-21,1.53285814590761,-0.5393145343974977,10.0,12.347
438 - 2019-02-22,1.3349330334407066,-0.8431999217292352,0.0,12.518999999999998
439 - 2019-02-23,1.4305176278804939,-0.09460085844126859,50.0,12.598999999999998
440 - 2019-02-24,1.0388649858417505,-1.0562477441997407,10.0,11.550999999999998
441 - 2019-02-25,0.9473749233122887,-1.3030510202090209,20.0,12.811999999999998
442 - 2019-02-26,1.222910114783906,-1.1561208893160022,10.0,13.219999999999999
443 - 2019-02-27,1.5456564121102225,0.3986863861223906,20.0,12.782
444 - 2019-02-28,1.3610226716533398,-0.3415024307527607,30.0,12.546
445 - 2019-03-01,1.2243150701856516,-0.898530202743467,50.0,13.175
446 - 2019-03-02,0.8575349470771734,-0.3319587907536714,20.0,16.537999999999997
447 - 2019-03-03,0.8905990082501912,-2.962833009312915,20.0,16.802
448 - 2019-03-04,1.0057759265589286,-0.862867343250287,20.0,16.504
449 - 2019-03-05,0.9783142821474744,-0.5887365341296084,20.0,17.373
450 - 2019-03-06,1.1663741186890504,-2.5337393426537322,30.0,15.895
451 - 2019-03-07,1.3641266648474006,-3.558390472228661,20.0,17.45
452 - 2019-03-08,1.3497309994536655,-1.5091058380706697,20.0,17.235
453 - 2019-03-09,1.140779885760551,-1.5442949898151155,10.0,16.107
454 - 2019-03-10,0.9023997030722073,-1.1388362629752218,20.0,17.409999999999997
455 - 2019-03-11,0.990952903042998,-3.394878157393569,20.0,16.342000000000002
456 - 2019-03-12,1.0618719886948225,-3.1016129744456684,50.0,16.645999999999997
457 - 2019-03-13,1.1931539661834805,-1.5528246466319087,30.0,17.198999999999998
458 - 2019-03-14,1.9492977688053041,0.4628842371026949,20.0,16.292
459 - 2019-03-15,1.1772691844904992,-0.5401555139971372,10.0,17.320999999999998
460 - 2019-03-16,1.5341895830350674,-2.6514175557237665,20.0,16.72
461 - 2019-03-17,0.7572085364344497,-2.851337617503301,20.0,16.956999999999997
462 - 2019-03-18,1.1899918281255184,-2.4940408495036683,40.0,16.403
463 - 2019-03-19,1.222642095815239,-1.867786737305487,10.0,15.415000000000001
464 - 2019-03-20,1.0907571146202524,-0.49872219508107973,20.0,17.458
465 - 2019-03-21,1.5470727070987613,-1.8502822508089976,40.0,16.429
466 - 2019-03-22,1.5006995984839686,-2.0824820236664245,40.0,18.004
467 - 2019-03-23,1.137783281902734,-1.259737910825828,30.0,16.462999999999997
468 - 2019-03-24,0.8041215640232576,-2.8963523512084057,30.0,16.678
469 - 2019-03-25,1.3992220338673858,-0.971711507918224,40.0,15.902999999999999
470 - 2019-03-26,1.1901502933101447,-1.842997501003787,0.0,15.998999999999999
471 - 2019-03-27,1.6239015101320624,-1.8447252757882528,30.0,16.299000000000003
472 - 2019-03-28,1.509810549485019,-2.77696596909241,0.0,17.006999999999998
473 - 2019-03-29,1.06527754262294,-0.7799291260292506,20.0,17.025000000000002
474 - 2019-03-30,0.7839502106226812,-1.8246240877804185,50.0,16.8
475 - 2019-03-31,0.39863437136547575,-1.971406357667377,40.0,17.970999999999997
476 - 2019-04-01,0.6885034875381502,-1.8968339028476457,30.0,17.066999999999997
477 - 2019-04-02,1.325715452214186,-1.6101254091518395,20.0,19.769000000000002
478 - 2019-04-03,1.2500723614525526,-1.2737728183190224,20.0,19.490000000000002
479 - 2019-04-04,1.2488527180455644,-3.545310008044164,20.0,18.461000000000002
480 - 2019-04-05,1.235241414766773,-2.3498309511525064,30.0,19.076000000000004
481 - 2019-04-06,0.8773025331749493,-0.4572459828854639,20.0,18.250000000000004
482 - 2019-04-07,1.1913745049849027,-2.458758982376561,10.0,19.774
483 - 2019-04-08,0.9483718634147298,-1.7349282745851782,30.0,16.655
484 - 2019-04-09,1.2024729986150668,-2.309531158741212,0.0,19.199
485 - 2019-04-10,1.3458818120910399,-0.8468558013008944,40.0,16.429
486 - 2019-04-11,1.2374580204877639,-2.539800236831776,0.0,18.505000000000003
487 - 2019-04-12,1.3487274829322653,-0.6545221956106664,10.0,19.691000000000003
488 - 2019-04-13,1.25043662038439,-3.2589665676142685,10.0,17.580999999999996
489 - 2019-04-14,1.3095415342067338,-2.813826443894124,20.0,19.372000000000003
490 - 2019-04-15,1.4425633664253223,-0.9213355286373146,40.0,19.027
491 - 2019-04-16,1.3198044771616961,-2.207130987866012,30.0,18.493
492 - 2019-04-17,1.3402083662022026,-1.6133759803739807,40.0,19.902000000000005
493 - 2019-04-18,1.6909289321671406,-1.8220705272447468,40.0,19.903000000000002
494 - 2019-04-19,1.1455848140256792,-0.3290319076169209,20.0,17.413
495 - 2019-04-20,1.4762305263377773,-1.4933592902591997,0.0,19.868000000000002
496 - 2019-04-21,1.1993616556522309,-0.9983755847848789,20.0,18.177999999999997
497 - 2019-04-22,1.326296682795281,-1.3801055414916654,20.0,19.622000000000003
498 - 2019-04-23,1.1275546764049347,-3.488442318728891,10.0,18.349
499 - 2019-04-24,1.351770321332737,-0.5255281283888179,20.0,19.418999999999997
500 - 2019-04-25,1.2949767133589856,-2.0683943115263865,20.0,18.34
501 - 2019-04-26,1.4556753126030624,-1.009126990806016,30.0,20.245
502 - 2019-04-27,1.435961198675896,-0.6708935882616104,20.0,19.521000000000004
503 - 2019-04-28,1.4614698211556605,-1.8355074054872191,30.0,18.068
504 - 2019-04-29,0.8095736050645101,-0.5744330994912179,20.0,19.848000000000003
505 - 2019-04-30,1.2001156046665578,-2.113061631296617,20.0,19.625000000000004
506 - 2019-05-01,1.4282744149816424,-1.002819786516064,50.0,17.692
507 - 2019-05-02,0.6920972758623226,-4.080842318057522,10.0,22.254999999999995
508 - 2019-05-03,1.303265781365256,-1.6581219667374445,20.0,21.189
509 - 2019-05-04,1.3985347085378779,-1.8644901194641283,10.0,21.301
510 - 2019-05-05,1.242070382525523,-0.6573515301018769,20.0,20.554999999999996
511 - 2019-05-06,0.8207757000022275,-2.351300052785512,20.0,21.8
512 - 2019-05-07,1.0470012096882388,-1.8441228287223734,10.0,19.569999999999997
513 - 2019-05-08,1.4071873509298096,-2.1231931627864897,10.0,21.571
514 - 2019-05-09,1.4803444413398987,-2.1386518181017586,30.0,21.517999999999997
515 - 2019-05-10,1.1189001048593106,-0.6327979318827855,20.0,20.984
516 - 2019-05-11,1.2838203790320888,-3.048975905190437,30.0,21.337999999999997
517 - 2019-05-12,1.1023549302661129,-0.45843130663648646,20.0,22.290999999999997
518 - 2019-05-13,1.350547592400527,-2.3795703262677135,20.0,20.013999999999996
519 - 2019-05-14,1.1248501230386672,-2.320236108947054,30.0,20.348
520 - 2019-05-15,1.3434821131148096,-2.5940623652373667,40.0,19.663999999999998
521 - 2019-05-16,1.1307477291842958,-2.611645356174106,10.0,22.189999999999998
522 - 2019-05-17,1.353536384246876,-2.2211407220807433,20.0,20.508
523 - 2019-05-18,1.461788103661782,-0.1003746266931973,10.0,21.514
524 - 2019-05-19,1.005767799570947,-4.28756206975276,30.0,22.124
525 - 2019-05-20,1.2924516444868968,-2.6357377332714034,10.0,21.747
526 - 2019-05-21,1.103772939858563,-4.192063243640426,20.0,22.563
527 - 2019-05-22,1.4443839481220218,-1.8915650707258993,30.0,19.742
528 - 2019-05-23,1.5843728958183492,-0.11922310533066849,30.0,19.819
529 - 2019-05-24,1.2228595253758558,-1.9966998958377595,20.0,21.63
530 - 2019-05-25,1.1230938644192445,-3.325952616420855,20.0,19.157999999999998
531 - 2019-05-26,1.0162301013697852,-2.5851733965571984,40.0,20.880999999999997
532 - 2019-05-27,0.9247485921919124,-1.726950800194228,10.0,21.404
533 - 2019-05-28,1.4918187699690246,-2.3600116343929196,20.0,21.948
534 - 2019-05-29,1.4120762207904876,-3.466108581165143,20.0,21.487
535 - 2019-05-30,1.3756616414300524,-3.950442850307356,40.0,21.866
536 - 2019-05-31,1.1664487254551104,-2.980976419165096,30.0,21.413
537 - 2019-06-01,1.7520840769082195,-2.823094934954876,40.0,21.144
538 - 2019-06-02,1.5151939958996226,-3.0227639134146713,70.0,21.669999999999998
539 - 2019-06-03,0.893834300850496,-0.618313595660022,20.0,21.008
540 - 2019-06-04,1.3078688317216536,-2.430585167456476,60.0,20.538000000000004
541 - 2019-06-05,1.1687262939694198,-2.4282632422167625,10.0,21.750999999999998
542 - 2019-06-06,1.236123898407528,-2.443440903169448,30.0,19.259999999999998
543 - 2019-06-07,1.2061203421147664,-2.3995407603410945,30.0,20.072999999999997
544 - 2019-06-08,1.5974224161925006,-1.6297959747529567,20.0,20.054
545 - 2019-06-09,1.1768607333415053,-2.3331731955605037,20.0,22.516
546 - 2019-06-10,1.3555061619090347,-1.6782747867744463,10.0,22.171999999999997
547 - 2019-06-11,1.7258816200231593,-4.012588239279074,20.0,20.317999999999998
548 - 2019-06-12,1.5668200105977221,-2.3527881326404767,20.0,19.15
549 - 2019-06-13,2.0265876433174594,-1.303568828185281,20.0,20.644
550 - 2019-06-14,1.2751612132089545,-2.0570818108997635,10.0,20.677999999999997
551 - 2019-06-15,1.5467004489712195,-2.5039948680059996,30.0,21.983999999999998
552 - 2019-06-16,0.9864504838594135,-1.1133574769647518,20.0,20.607
553 - 2019-06-17,0.8977001084160507,-2.0237660715300585,20.0,21.049999999999997
554 - 2019-06-18,1.5245128634928382,-1.3332185740055955,10.0,22.018999999999995
555 - 2019-06-19,1.4316687412832658,-1.8886486048214293,10.0,19.84
556 - 2019-06-20,1.0600210283518448,-2.1092708289869266,0.0,22.105999999999998
557 - 2019-06-21,1.1297959120403127,-2.2532444039006747,30.0,21.160999999999998
558 - 2019-06-22,1.1372028711334856,-1.7361610279705273,0.0,21.496
559 - 2019-06-23,1.3244413124978882,-2.3601190321273955,40.0,20.662999999999997
560 - 2019-06-24,1.5004746267238727,-0.48452806672347004,30.0,20.896
561 - 2019-06-25,1.572099577540066,-1.6621061823737204,10.0,20.427
562 - 2019-06-26,1.2471399184777003,-0.11709699992858509,10.0,20.959999999999997
563 - 2019-06-27,1.3730992241914846,-3.3288951228133477,20.0,21.615999999999996
564 - 2019-06-28,1.3090427407999663,-1.9069439787716205,10.0,21.856
565 - 2019-06-29,1.693394310122447,-0.6432888370619297,60.0,21.573
566 - 2019-06-30,1.3777777599583103,-2.301275501757275,10.0,19.467
567 - 2019-07-01,1.001027540718633,-1.981652057375935,30.0,20.307
568 - 2019-07-02,0.9929793172569616,-3.0991431688040705,30.0,21.639999999999997
569 - 2019-07-03,1.5786827510988786,-1.0982313551631675,30.0,21.878999999999998
570 - 2019-07-04,1.2393573011581063,-3.510958358582763,0.0,22.086
571 - 2019-07-05,1.284655336062922,-1.0345205943488203,30.0,21.034999999999997
572 - 2019-07-06,0.9781726986928553,-2.5456907227595895,10.0,21.924999999999997
573 - 2019-07-07,1.192076927116589,-2.2890298244254965,40.0,20.546
574 - 2019-07-08,0.7770015679528367,-2.28469699269041,10.0,21.342999999999996
575 - 2019-07-09,1.6264049324589203,-1.6237817141645237,20.0,20.857
576 - 2019-07-10,1.134487264265463,-1.1937728167026667,10.0,21.196999999999996
577 - 2019-07-11,0.5083239249735211,-4.199441940639109,0.0,21.22
578 - 2019-07-12,0.5102994745640952,-2.6505517785285195,30.0,20.635
579 - 2019-07-13,0.4992590720267468,-2.3049201273948263,10.0,20.426
580 - 2019-07-14,0.546262135140129,-2.301478955906909,50.0,21.007
581 - 2019-07-15,0.7082768052873697,-1.895654433705047,40.0,21.127
582 - 2019-07-16,1.0082305643212863,-1.1769828395954225,50.0,21.026999999999997
583 - 2019-07-17,1.092810368867683,-2.477895613772966,20.0,21.836
584 - 2019-07-18,0.6676728014520223,-3.4126707499690054,20.0,22.015
585 - 2019-07-19,0.5738462343356499,-3.1542233692393826,20.0,21.12
586 - 2019-07-20,0.5575164408655658,-3.119966494306723,20.0,20.99
587 - 2019-07-21,0.6859791755921153,-0.12077727969788538,10.0,20.673
588 - 2019-07-22,1.3375698777189216,-2.5211934462527994,20.0,20.936999999999998
589 - 2019-07-23,1.4604112328217935,-1.3467125411303424,0.0,18.723
590 - 2019-07-24,1.4589624298400052,-2.014339372985176,30.0,21.235
591 - 2019-07-25,1.6312743998238572,-1.3614322178071436,40.0,21.319999999999997
592 - 2019-07-26,1.3386726454330027,-2.2802807876756708,0.0,21.3
593 - 2019-07-27,1.1833421129239896,-2.1849455320040643,0.0,20.313
594 - 2019-07-28,1.0845491353248213,-3.175223289079381,50.0,20.765
595 - 2019-07-29,0.7000149828683988,-1.9170195793158518,10.0,20.348
596 - 2019-07-30,1.3558688373783256,-1.532348533342542,20.0,21.392999999999997
597 - 2019-07-31,1.542782730958735,-3.711144381822206,20.0,21.784999999999997
598 - 2019-08-01,1.4327934895507979,-1.6014357758859288,20.0,20.566
599 - 2019-08-02,1.698073945579966,-0.900389273363694,10.0,21.105
600 - 2019-08-03,0.8154461623262556,-4.5800117825077375,10.0,19.895999999999997
601 - 2019-08-04,0.580120111552045,-2.769251342683679,30.0,21.374
602 - 2019-08-05,0.7302324146655391,-2.3730367060014395,10.0,19.994999999999997
603 - 2019-08-06,1.283931015230969,-0.6524566753758887,10.0,20.793
604 - 2019-08-07,1.2859426160590084,-2.6718635783949947,20.0,20.172
605 - 2019-08-08,1.3703346846660494,-3.5727459567721955,30.0,21.478
606 - 2019-08-09,1.0761054707302993,-2.7572039781129187,20.0,20.389
607 - 2019-08-10,0.7911957511916252,-1.990411017418465,30.0,20.406
608 - 2019-08-11,0.5446988957536061,-1.7484496371516998,40.0,21.476999999999997
609 - 2019-08-12,1.782167607593014,-0.3637841190823826,20.0,20.703999999999997
610 - 2019-08-13,1.2465641368850713,-1.5971654805769016,20.0,19.236
611 - 2019-08-14,1.3318241757046494,-2.3196271120481846,20.0,21.628999999999998
612 - 2019-08-15,0.984491859806393,-0.3140644535316514,0.0,19.666999999999998
613 - 2019-08-16,1.093518616163837,-2.2386378017235185,40.0,20.886
614 - 2019-08-17,0.8225616052613696,-1.5406382231256996,40.0,19.916999999999998
615 - 2019-08-18,0.45212891789784226,-3.1730387549231684,10.0,21.099999999999998
616 - 2019-08-19,0.5826000575538826,-2.0082943799747253,20.0,21.659999999999997
617 - 2019-08-20,1.0560961632981518,-0.7525624842918588,30.0,21.052999999999997
618 - 2019-08-21,1.0086658695633144,-4.204258081694423,10.0,20.868
619 - 2019-08-22,0.7331876144390296,-2.1313667435309096,20.0,19.744
620 - 2019-08-23,1.9535732126213559,-1.4194052247490618,10.0,20.982
621 - 2019-08-24,0.9711510837849539,-0.30971987096077647,10.0,20.669999999999998
622 - 2019-08-25,0.5529185321132685,-4.900570487504946,10.0,22.479
623 - 2019-08-26,0.683209924896281,-2.4929791496184035,40.0,21.679999999999996
624 - 2019-08-27,1.9085565332366636,-0.4901532208514161,10.0,22.229999999999997
625 - 2019-08-28,0.9416512623495084,-3.0794559488701063,20.0,20.171
626 - 2019-08-29,1.484542639171763,-1.792437856081016,10.0,21.807
627 - 2019-08-30,1.180107533909201,0.5591235870676716,40.0,20.619
628 - 2019-08-31,1.2153570366560753,-1.3344104012904643,10.0,20.278
629 - 2019-09-01,1.2916691965690226,-2.005994769304139,20.0,21.145
630 - 2019-09-02,1.1808347422166634,-2.217249768896493,30.0,20.221000000000004
631 - 2019-09-03,1.2037933331916246,-2.407170990527631,30.0,18.125
632 - 2019-09-04,1.3564481852840082,-1.7452740303562324,30.0,18.769
633 - 2019-09-05,1.1256199777929958,-3.268590561959502,20.0,17.197000000000003
634 - 2019-09-06,1.8570079631579741,-0.6150878356301258,30.0,19.131
635 - 2019-09-07,1.2593851835073564,-1.9585084438954228,10.0,19.509000000000004
636 - 2019-09-08,0.6479633844434991,-2.6263425089223884,0.0,19.329000000000004
637 - 2019-09-09,0.9244393358399484,-3.2625474169365782,20.0,18.218000000000004
638 - 2019-09-10,1.6888435361455723,-2.776869202925739,30.0,18.755000000000003
639 - 2019-09-11,1.7863655395966822,-1.120393669097026,40.0,19.258000000000003
640 - 2019-09-12,1.5854022011703472,-1.1217673899254272,10.0,18.741
641 - 2019-09-13,1.9101804783661138,-3.1133371348165384,40.0,18.993000000000002
642 - 2019-09-14,1.5397892102666049,-1.5871197791697398,10.0,19.810000000000002
643 - 2019-09-15,0.5533821753602943,-3.129074391371773,10.0,19.290000000000003
644 - 2019-09-16,0.7702474917231525,-2.184949575763171,30.0,17.495
645 - 2019-09-17,1.7187496485502889,0.23355814038031625,30.0,18.817000000000004
646 - 2019-09-18,1.881743255349903,-1.9430743350677748,0.0,19.14
647 - 2019-09-19,1.7806884252025266,-1.2913920962885035,30.0,19.106
648 - 2019-09-20,1.6881387632760958,-1.0286085928350637,10.0,18.722
649 - 2019-09-21,1.0248033876587876,-1.340803236208758,20.0,19.301000000000005
650 - 2019-09-22,0.5856682709331169,-2.46034704095247,0.0,18.998
651 - 2019-09-23,0.7323882766591632,-6.700504708367916e-05,30.0,19.532000000000004
652 - 2019-09-24,1.8703219657459214,-3.0394113119353103,10.0,18.579
653 - 2019-09-25,1.7564444666558636,-3.2493273555342235,0.0,18.329000000000004
654 - 2019-09-26,1.3436409350751919,-2.3921797729288774,10.0,19.385
655 - 2019-09-27,2.072121811141755,0.3609515566687833,30.0,19.491000000000003
656 - 2019-09-28,1.084734665983597,-2.1853445663575,30.0,18.160000000000004
657 - 2019-09-29,0.4668186062284074,-1.6013489351102568,40.0,19.994000000000003
658 - 2019-09-30,1.0041471668466098,-1.571841956336547,10.0,17.536
659 - 2019-10-01,1.5176290668712789,-2.2177020526744826,0.0,18.368000000000002
660 - 2019-10-02,1.597442408982373,-1.4647285676234028,10.0,16.134999999999998
661 - 2019-10-03,1.7145930766616297,-1.1267099358582413,60.0,17.171999999999997
662 - 2019-10-04,1.7812193585527454,-1.4124892683614814,30.0,16.02
663 - 2019-10-05,1.583409576753525,-2.201597194444558,20.0,17.058
664 - 2019-10-06,1.967144663359028,-0.04513975088213337,30.0,17.044999999999998
665 - 2019-10-07,2.0941370564332855,-1.9732201960350433,20.0,17.739000000000004
666 - 2019-10-08,1.5940937382950189,-3.1945176001301774,40.0,15.464
667 - 2019-10-09,1.5203214160989353,-0.64547404700722,10.0,15.667
668 - 2019-10-10,1.6310179481688905,-0.7847511947786324,0.0,17.060999999999996
669 - 2019-10-11,1.189629821236209,-3.1537869106000334,30.0,17.871
670 - 2019-10-12,1.0324207144444957,-1.765724298661919,40.0,16.743000000000002
671 - 2019-10-13,1.136964641123021,-1.7018162171734155,30.0,17.094
672 - 2019-10-14,1.2980025905732238,-1.144727273305292,40.0,17.275
673 - 2019-10-15,1.9948629839881673,-3.3934353017093426,40.0,17.380999999999997
674 - 2019-10-16,1.245719314852692,-1.0757130749092605,0.0,17.981999999999996
675 - 2019-10-17,1.9018539549646831,-1.800611438504354,30.0,17.281999999999996
676 - 2019-10-18,1.3458661891199402,-0.9026140109766159,30.0,16.81
677 - 2019-10-19,1.2817031274257775,-2.212800194533718,40.0,17.352999999999998
678 - 2019-10-20,0.877654354549962,-2.0118874617766305,10.0,16.86
679 - 2019-10-21,1.4404390798922055,-2.275404440217626,30.0,16.822
680 - 2019-10-22,1.3306870461430909,-1.5843884586442214,40.0,16.299
681 - 2019-10-23,1.4545902740605288,-1.5911729523202482,20.0,18.036999999999995
682 - 2019-10-24,1.5941074033853486,-1.1607134427482686,40.0,17.101999999999997
683 - 2019-10-25,1.1844565065486043,-1.5842233505644554,30.0,16.016
684 - 2019-10-26,1.1210212477753276,-0.21469156711931503,20.0,15.596
685 - 2019-10-27,0.9915974916952307,-3.415747787748394,10.0,16.746
686 - 2019-10-28,1.5157403954215902,-0.959402928054113,20.0,16.865999999999996
687 - 2019-10-29,1.9727777341178783,-0.9618866046483541,10.0,16.849
688 - 2019-10-30,1.2846509700163038,-0.014914439610364205,40.0,16.518
689 - 2019-10-31,1.459401920626206,-0.49184288932786635,0.0,16.956
690 - 2019-11-01,1.3455151179841438,-2.933305134250378,0.0,17.093999999999998
691 - 2019-11-02,0.8732886988759306,-1.0088895953640056,0.0,14.612000000000002
692 - 2019-11-03,1.620266244722266,-0.5383077010716272,0.0,13.988999999999999
693 - 2019-11-04,1.08874706638141,-0.24080277222928115,60.0,14.437
694 - 2019-11-05,1.767085572037074,-1.0917131392312083,20.0,14.302999999999999
695 - 2019-11-06,1.4865245455662464,-2.4791036103817556,30.0,14.739999999999998
696 - 2019-11-07,1.7975179565725532,0.028497839129893704,20.0,14.245
697 - 2019-11-08,1.5613090884872483,-1.4143759175578623,30.0,15.039
698 - 2019-11-09,2.048276077242207,0.09745833076382981,20.0,15.503
699 - 2019-11-10,1.4484677651471132,-0.5246848226156199,10.0,14.561000000000003
700 - 2019-11-11,2.0176287804464885,-0.876254577989016,30.0,14.242
701 - 2019-11-12,1.4360138988620996,-0.7431658515147218,20.0,14.497000000000002
702 - 2019-11-13,1.2921712735423947,-0.7253867493903227,30.0,13.233
703 - 2019-11-14,1.6677669681917757,-2.3039649821366823,30.0,15.182000000000002
704 - 2019-11-15,1.4409243247562917,0.033354355329068726,30.0,14.078
705 - 2019-11-16,1.825705300688213,-0.0643063943703131,10.0,15.446000000000002
706 - 2019-11-17,2.3005576642922554,-0.30071711165644605,20.0,13.964
707 - 2019-11-18,1.4344107861430297,-0.7649452208996943,10.0,14.369000000000002
708 - 2019-11-19,1.4696752167542815,-3.0162548780075453,40.0,15.188
709 - 2019-11-20,2.0067950601918163,-0.2065712303712916,10.0,15.146
710 - 2019-11-21,1.2652330404334862,-2.9239375456364196,10.0,15.293
711 - 2019-11-22,1.2372348549045804,-0.42928180917665515,30.0,14.165000000000001
712 - 2019-11-23,1.4332744278796337,-0.5713527775304756,20.0,14.064999999999998
713 - 2019-11-24,1.7950378472161468,-1.2573607284647026,40.0,14.684000000000001
714 - 2019-11-25,1.2175205088171905,-1.136479771631818,0.0,14.941999999999998
715 - 2019-11-26,1.4555799938227831,-0.1826637071628387,40.0,14.364
716 - 2019-11-27,1.667255153757431,-0.19573615027226254,50.0,15.365
717 - 2019-11-28,1.4881850327028505,-1.4486043433961728,30.0,13.482
718 - 2019-11-29,1.3729987356010747,-2.282494612965018,30.0,14.379000000000001
719 - 2019-11-30,1.5536515883315074,-1.7505484886270948,30.0,14.020000000000001
720 - 2019-12-01,2.142732735153468,-0.2724225252501138,0.0,15.608
721 - 2019-12-02,1.524798723657283,-0.5577168163579034,20.0,11.988999999999999
722 - 2019-12-03,1.6312078064539288,-0.304118579163664,30.0,12.666
723 - 2019-12-04,1.6869542541896956,-1.6510662582934592,20.0,12.682
724 - 2019-12-05,0.9293213091600012,-0.39091373728642725,30.0,12.334
725 - 2019-12-06,0.2669585937510773,-2.858545243369211,30.0,13.277
726 - 2019-12-07,0.3063561756811103,-3.1699369148911707,30.0,12.847999999999999
727 - 2019-12-08,0.2454856421450092,-2.8659775428956227,0.0,12.609000000000002
728 - 2019-12-09,0.2449583108718034,-0.8473884999617689,0.0,12.834999999999999
729 - 2019-12-10,0.27006946865512943,-2.3557191898548746,20.0,11.956999999999999
730 - 2019-12-11,1.636117431480114,-1.6337341758081207,20.0,12.504999999999999
731 - 2019-12-12,1.6117985384782783,-2.1755065189860003,30.0,13.104999999999999
732 - 2019-12-13,1.3496905705773614,-2.1526961335716197,0.0,12.535999999999998
733 - 2019-12-14,1.4264265819513058,-0.6225599451220527,10.0,13.283999999999999
734 - 2019-12-15,1.3123809857186786,-0.773276718100006,10.0,13.046999999999997
735 - 2019-12-16,1.2270291316504884,-0.5993789947528071,20.0,13.386
736 - 2019-12-17,1.7230277900962,-1.8447219219908548,20.0,13.285999999999998
737 - 2019-12-18,1.2872940760305263,-0.22696054161947785,20.0,13.289
738 - 2019-12-19,1.0579940546635773,-1.5403035487550027,10.0,12.666
739 - 2019-12-20,1.2094260135026942,-1.7244013359224926,30.0,11.960999999999999
740 - 2019-12-21,1.8370428098648819,-1.2536001964862211,50.0,12.832
741 - 2019-12-22,1.1198128367578797,-1.5382990162867214,30.0,12.472
742 - 2019-12-23,1.4371459289741277,-0.2820796235530532,0.0,13.216
743 - 2019-12-24,1.601288255551185,-0.17753078876272127,60.0,11.692000000000002
744 - 2019-12-25,1.5536908324979226,-0.1797347066377405,40.0,12.935999999999998
745 - 2019-12-26,1.1145950612063777,-2.153021874365172,50.0,12.032999999999998
746 - 2019-12-27,1.5052376393590114,-0.6610578146458975,10.0,12.297
747 - 2019-12-28,1.8055695709347053,0.14061806445495906,20.0,12.626
748 - 2019-12-29,1.28510072087569,-0.6230808416977638,10.0,12.607000000000001
749 - 2019-12-30,1.1539190003169681,-0.583080513288343,20.0,12.643
750 - 2019-12-31,1.3761304759318544,-0.6073952598805598,30.0,12.869
751 - 2020-01-01,1.3476006908866962,-2.2903088385868102,10.0,12.443999999999999
752 - 2020-01-02,1.290737178666355,-0.2892846860033669,10.0,13.232999999999999
753 - 2020-01-03,1.2409102960595608,0.07511961187608729,20.0,12.046
754 - 2020-01-04,1.4372372656605992,-0.7804962326762046,20.0,13.119
755 - 2020-01-05,1.0317637982937722,-1.4498647534167985,10.0,13.427999999999999
756 - 2020-01-06,1.5999523889066123,-1.5173592957513518,20.0,12.049
757 - 2020-01-07,1.0234197189655583,-0.9940626669226325,20.0,11.535
758 - 2020-01-08,1.5758587997541467,0.4677319538182605,30.0,13.081999999999999
759 - 2020-01-09,1.660159466348386,-1.9206501956061428,20.0,12.066000000000003
760 - 2020-01-10,1.396968632922927,-0.9397721441936275,10.0,12.251999999999999
761 - 2020-01-11,2.0844329892341853,-0.5027194866739112,20.0,12.725999999999999
762 - 2020-01-12,0.8186004391595268,-1.278969477381429,20.0,12.594
763 - 2020-01-13,1.3985088231981038,-0.458980005809365,20.0,13.504999999999999
764 - 2020-01-14,1.4448044372636815,-0.9019753181793074,0.0,11.985
765 - 2020-01-15,1.3006470567079782,-1.1328181210439634,40.0,13.159999999999998
766 - 2020-01-16,1.7088595053615647,-1.1745498352300396,10.0,12.823
767 - 2020-01-17,1.311601156312201,-0.3657551987749858,20.0,12.597999999999999
768 - 2020-01-18,1.321909632741609,-1.7348837200627512,30.0,13.102
769 - 2020-01-19,1.4139795274836457,-1.2218005971483807,20.0,12.679999999999998
770 - 2020-01-20,1.0960106277643427,-2.5234922527476233,30.0,13.2
771 - 2020-01-21,1.0731423737424548,-2.4304827664819717,40.0,12.507
772 - 2020-01-22,1.6434840944820042,-0.1668106553010512,0.0,12.191000000000003
773 - 2020-01-23,1.5082822811253762,-0.5637097216981246,20.0,13.255
774 - 2020-01-24,1.321423400488884,-1.0702410466765002,20.0,12.829
775 - 2020-01-25,1.3996444837713728,-1.4667952176525691,10.0,12.659
776 - 2020-01-26,1.684552156302474,-0.06063263221642223,0.0,12.273000000000001
777 - 2020-01-27,1.3372826249271819,-0.6779379407639717,50.0,13.248999999999999
778 - 2020-01-28,1.6099923841398525,-0.07899217460399954,40.0,12.002
779 - 2020-01-29,1.9922654626520326,-2.5878674602527325,50.0,13.039
780 - 2020-01-30,1.5844370868966802,0.013676231188561039,20.0,12.018999999999998
781 - 2020-01-31,1.559215729303229,-0.4386056470983427,10.0,12.446999999999997
782 - 2020-02-01,1.463616091036208,-0.680042638793114,0.0,12.655999999999999
783 - 2020-02-02,0.8909802387395945,-2.0808671710549245,30.0,12.748
784 - 2020-02-03,1.4395149433401095,-0.5595508964367791,20.0,13.157
785 - 2020-02-04,1.7508193372186143,-0.3649648897448968,10.0,12.193
786 - 2020-02-05,1.551796487500549,0.09066494220797652,20.0,12.889999999999999
787 - 2020-02-06,1.4356704906794995,-0.8352884428658748,0.0,12.594000000000001
788 - 2020-02-07,1.207744883555406,-1.1651620255694357,40.0,13.022999999999998
789 - 2020-02-08,1.2762509353822606,-0.46599616339102073,30.0,12.245000000000001
790 - 2020-02-09,2.6018287279097136,0.7672633497103678,0.0,11.866
791 - 2020-02-10,1.978242032319807,0.1319573701147022,20.0,13.014999999999999
792 - 2020-02-11,1.3017965658773114,-0.7582416690767987,20.0,13.516
793 - 2020-02-12,1.6123802719264335,-0.7154115976194644,30.0,11.801
794 - 2020-02-13,1.3562393027104056,-1.9651463050734592,20.0,12.049000000000001
795 - 2020-02-14,1.1886300219023993,-0.7724806856767924,0.0,13.033
796 - 2020-02-15,2.339302345589005,0.7520276346901988,30.0,12.159
797 - 2020-02-16,1.0595342038889985,0.04889189437379848,30.0,12.134999999999998
798 - 2020-02-17,1.3614435037092967,-2.421795137213292,10.0,12.586
799 - 2020-02-18,2.0136359111602786,-0.21722037072154549,50.0,13.168
800 - 2020-02-19,1.3264911183081887,-1.0246514416483563,0.0,12.297999999999998
801 - 2020-02-20,1.7889176593007945,-1.3260283240525002,30.0,13.078
802 - 2020-02-21,1.3600572724192608,-0.6014493845418347,20.0,11.437
803 - 2020-02-22,1.5097336844679299,0.03812415507324379,20.0,12.437999999999999
804 - 2020-02-23,0.874829013089133,-1.3508912596569669,10.0,12.998
805 - 2020-02-24,1.1287199157248138,-0.7730966104387252,20.0,13.015999999999998
806 - 2020-02-25,1.8873623250887566,0.524160960271,30.0,12.790999999999999
807 - 2020-02-26,1.577949615242389,-1.4959684745082074,10.0,12.190999999999999
808 - 2020-02-27,1.5138378903471272,-0.9204452955912137,20.0,13.286999999999999
809 - 2020-02-28,1.388121685806633,-0.2330985054669129,40.0,12.52
810 - 2020-02-29,1.028637146058778,-0.5868311819464421,0.0,12.642
