fecha,pred_consumo,real_consumo,error
2020-01-01 00:00:00,0.2005936843967656,0.096,0.1045936843967656
2020-01-01 01:00:00,0.1011895246038698,0.087,0.0141895246038698
2020-01-01 02:00:00,0.0508087655728651,0.375,0.3241912344271348
2020-01-01 03:00:00,0.0327418813737958,0.091,0.0582581186262041
2020-01-01 04:00:00,-0.0013794531699804,0.107,0.1083794531699804
2020-01-01 05:00:00,-0.0230095719008419,0.087,0.1100095719008419
2020-01-01 06:00:00,0.0083395359287182,0.087,0.0786604640712817
2020-01-01 07:00:00,0.1018825509130716,0.086,0.0158825509130716
2020-01-01 08:00:00,0.2392725947973003,0.093,0.1462725947973003
2020-01-01 09:00:00,0.4068714102797962,0.098,0.3088714102797962
2020-01-01 10:00:00,0.3514569387781028,0.349,0.0024569387781028
2020-01-01 11:00:00,0.2162722185892779,1.15,0.933727781410722
2020-01-01 12:00:00,0.1465012948656659,0.776,0.6294987051343341
2020-01-01 13:00:00,0.1385615219405341,0.294,0.1554384780594658
2020-01-01 14:00:00,0.1752254842833623,0.095,0.0802254842833623
2020-01-01 15:00:00,0.2844173367189276,0.086,0.1984173367189276
2020-01-01 16:00:00,0.2144644557191457,0.086,0.1284644557191457
2020-01-01 17:00:00,0.1801365167929685,0.086,0.0941365167929685
2020-01-01 18:00:00,0.2359260649726572,0.091,0.1449260649726572
2020-01-01 19:00:00,0.1584467432195946,0.097,0.0614467432195945
2020-01-01 20:00:00,0.157089651607051,0.275,0.117910348392949
2020-01-01 21:00:00,0.1894341896077542,0.646,0.4565658103922457
2020-01-01 22:00:00,0.199490756687911,0.834,0.6345092433120889
2020-01-01 23:00:00,0.1745155077538845,0.801,0.6264844922461155
2020-01-02 00:00:00,0.3272474069820982,0.637,0.3097525930179018
2020-01-02 01:00:00,0.1076596107071911,0.266,0.1583403892928089
2020-01-02 02:00:00,0.1457273785279412,0.093,0.0527273785279412
2020-01-02 03:00:00,0.0820345979711413,0.09,0.0079654020288586
2020-01-02 04:00:00,0.0494208944465928,0.086,0.0365791055534071
2020-01-02 05:00:00,0.0233699540750617,0.085,0.0616300459249383
2020-01-02 06:00:00,0.0534516437107315,0.091,0.0375483562892684
2020-01-02 07:00:00,0.1454064691361925,0.095,0.0504064691361925
2020-01-02 08:00:00,0.2584996098643497,0.269,0.0105003901356502
2020-01-02 09:00:00,0.3258706409711596,0.382,0.0561293590288403
2020-01-02 10:00:00,0.3521103671497873,0.119,0.2331103671497872
2020-01-02 11:00:00,0.4108668336005771,0.094,0.3168668336005771
2020-01-02 12:00:00,0.2905315694495887,0.089,0.2015315694495887
2020-01-02 13:00:00,0.2052781705758618,0.083,0.1222781705758618
2020-01-02 14:00:00,0.2073468312511173,0.086,0.1213468312511173
2020-01-02 15:00:00,0.2326488846634942,0.803,0.5703511153365058
2020-01-02 16:00:00,0.2142025864960368,1.122,0.9077974135039631
2020-01-02 17:00:00,0.1603264750733189,0.296,0.135673524926681
2020-01-02 18:00:00,0.1185229805863088,0.15,0.0314770194136911
2020-01-02 19:00:00,0.1257419386966534,0.098,0.0277419386966534
2020-01-02 20:00:00,0.2022393129158316,0.096,0.1062393129158316
2020-01-02 21:00:00,0.3084504474740293,0.885,0.5765495525259707
2020-01-02 22:00:00,0.3472141134179175,0.546,0.1987858865820825
2020-01-02 23:00:00,0.3127697836691209,0.632,0.3192302163308791
2020-01-03 00:00:00,0.363585764016591,0.56,0.196414235983409
2020-01-03 01:00:00,0.1099082474645339,0.32,0.210091752535466
2020-01-03 02:00:00,0.0754160616273696,0.312,0.2365839383726303
2020-01-03 03:00:00,0.0570194603181772,0.135,0.0779805396818227
2020-01-03 04:00:00,0.0218950984699122,0.097,0.0751049015300877
2020-01-03 05:00:00,-0.0005228371056433,0.096,0.0965228371056433
2020-01-03 06:00:00,0.0310221329989892,0.086,0.0549778670010107
2020-01-03 07:00:00,0.1242439000614169,0.085,0.0392439000614169
2020-01-03 08:00:00,0.2642954108235581,1.091,0.8267045891764419
2020-01-03 09:00:00,0.3494633373938811,0.981,0.6315366626061188
2020-01-03 10:00:00,0.2950464974420124,0.256,0.0390464974420124
2020-01-03 11:00:00,0.2232259849902867,0.105,0.1182259849902867
2020-01-03 12:00:00,0.1618842388894371,0.086,0.0758842388894371
2020-01-03 13:00:00,0.1522323865966543,0.083,0.0692323865966543
2020-01-03 14:00:00,0.1860693683379761,1.422,1.2359306316620238
2020-01-03 15:00:00,0.3257290832725249,1.138,0.812270916727475
2020-01-03 16:00:00,0.3573191292918272,0.283,0.0743191292918272
2020-01-03 17:00:00,0.1724663992397652,0.283,0.1105336007602347
2020-01-03 18:00:00,0.1062671049595594,0.438,0.3317328950404405
2020-01-03 19:00:00,0.1035867102166027,0.276,0.1724132897833973
2020-01-03 20:00:00,0.1505550505015923,0.307,0.1564449494984076
2020-01-03 21:00:00,0.3214663665527399,0.098,0.2234663665527399
2020-01-03 22:00:00,0.2755784873010294,0.127,0.1485784873010294
2020-01-03 23:00:00,0.2586357997431053,0.103,0.1556357997431053
2020-01-04 00:00:00,0.2548971564137769,0.318,0.063102843586223
2020-01-04 01:00:00,0.1350949714935674,0.616,0.4809050285064326
2020-01-04 02:00:00,0.1245840120801185,0.417,0.2924159879198814
2020-01-04 03:00:00,0.0767018377880879,0.241,0.164298162211912
2020-01-04 04:00:00,0.0341142193877764,0.225,0.1908857806122235
2020-01-04 05:00:00,0.0094780952650492,0.306,0.2965219047349507
2020-01-04 06:00:00,0.0362245805876948,0.197,0.1607754194123051
2020-01-04 07:00:00,0.1264191708870633,0.09,0.0364191708870633
2020-01-04 08:00:00,0.3954524633891509,0.096,0.2994524633891509
2020-01-04 09:00:00,0.4431914830043578,0.459,0.0158085169956421
2020-01-04 10:00:00,0.313747759933231,0.474,0.1602522400667689
2020-01-04 11:00:00,0.2199285951805382,0.348,0.1280714048194617
2020-01-04 12:00:00,0.1545920042995612,0.164,0.0094079957004387
2020-01-04 13:00:00,0.1441068949879961,0.152,0.0078931050120039
2020-01-04 14:00:00,0.3877517365562357,0.16,0.2277517365562357
2020-01-04 15:00:00,0.3684607322082101,0.16,0.20846073220821
2020-01-04 16:00:00,0.2138738536421864,0.194,0.0198738536421863
2020-01-04 17:00:00,0.1587046478916781,0.147,0.0117046478916781
2020-01-04 18:00:00,0.1394286311790908,0.152,0.0125713688209091
2020-01-04 19:00:00,0.1193902033884831,0.161,0.0416097966115168
2020-01-04 20:00:00,0.1721710360327412,0.138,0.0341710360327411
2020-01-04 21:00:00,0.1864096765475155,0.159,0.0274096765475155
2020-01-04 22:00:00,0.1998484034968062,0.193,0.0068484034968061
2020-01-04 23:00:00,0.1667301652705753,0.158,0.0087301652705753
2020-01-05 00:00:00,0.1877787149119868,0.581,0.3932212850880131
2020-01-05 01:00:00,0.1581835139546825,1.203,1.0448164860453175
2020-01-05 02:00:00,0.1202024055964116,0.259,0.1387975944035883
2020-01-05 03:00:00,0.0752145715086216,0.151,0.0757854284913784
2020-01-05 04:00:00,0.039045942615234,0.147,0.1079540573847659
2020-01-05 05:00:00,0.0308071746454795,0.158,0.1271928253545204
2020-01-05 06:00:00,0.0461268932075715,0.155,0.1088731067924284
2020-01-05 07:00:00,0.1241408597361403,0.142,0.0178591402638595
2020-01-05 08:00:00,0.2399130198070101,0.584,0.3440869801929898
2020-01-05 09:00:00,0.3663848374010899,0.447,0.08061516259891
2020-01-05 10:00:00,0.3580352336115044,0.149,0.2090352336115044
2020-01-05 11:00:00,0.2729351773752042,0.142,0.1309351773752042
2020-01-05 12:00:00,0.1868018300280514,0.169,0.0178018300280514
2020-01-05 13:00:00,0.1802282838273718,0.158,0.0222282838273718
2020-01-05 14:00:00,0.2190947113236636,0.105,0.1140947113236636
2020-01-05 15:00:00,0.2494143274906606,0.101,0.1484143274906606
2020-01-05 16:00:00,0.2395640389419043,0.091,0.1485640389419043
2020-01-05 17:00:00,0.1814776338012975,0.092,0.0894776338012975
2020-01-05 18:00:00,0.1430522215915393,0.096,0.0470522215915392
2020-01-05 19:00:00,0.1544154173980872,0.188,0.0335845826019127
2020-01-05 20:00:00,0.2028146939284788,0.919,0.7161853060715212
2020-01-05 21:00:00,0.257020621600234,1.364,1.106979378399766
2020-01-05 22:00:00,0.2746055041157807,0.512,0.2373944958842193
2020-01-05 23:00:00,0.2429895221457877,0.604,0.3610104778542122
2020-01-06 00:00:00,0.3448370362515567,0.588,0.2431629637484432
2020-01-06 01:00:00,0.2460050279298366,0.205,0.0410050279298366
2020-01-06 02:00:00,0.0935986204629893,0.149,0.0554013795370106
2020-01-06 03:00:00,0.0610619482024465,0.115,0.0539380517975534
2020-01-06 04:00:00,0.0280472380584177,0.114,0.0859527619415822
2020-01-06 05:00:00,0.009563281868991,0.108,0.0984367181310089
2020-01-06 06:00:00,0.0417890121275506,0.101,0.0592109878724493
2020-01-06 07:00:00,0.1343919430650727,0.099,0.0353919430650727
2020-01-06 08:00:00,0.3178800651804738,0.1,0.2178800651804738
2020-01-06 09:00:00,0.3650176123569605,0.108,0.2570176123569606
2020-01-06 10:00:00,0.3064251453490539,0.312,0.005574854650946
2020-01-06 11:00:00,0.238304508261389,1.349,1.110695491738611
2020-01-06 12:00:00,0.1830727006949199,0.403,0.21992729930508
2020-01-06 13:00:00,0.1740009294542974,0.281,0.1069990705457025
2020-01-06 14:00:00,0.200377224004369,0.112,0.088377224004369
2020-01-06 15:00:00,0.2269660527499426,0.102,0.1249660527499426
2020-01-06 16:00:00,0.2069388151876326,0.102,0.1049388151876326
2020-01-06 17:00:00,0.1528983211110328,0.11,0.0428983211110328
2020-01-06 18:00:00,0.1105544612895932,0.106,0.0045544612895932
2020-01-06 19:00:00,0.1309303353749153,0.15,0.0190696646250846
2020-01-06 20:00:00,0.2932892568532707,0.099,0.1942892568532707
2020-01-06 21:00:00,0.4097467845923235,0.105,0.3047467845923235
2020-01-06 22:00:00,0.2845058638669615,0.554,0.2694941361330385
2020-01-06 23:00:00,0.2686628711480525,0.6,0.3313371288519474
2020-01-07 00:00:00,0.3875042993797535,0.481,0.0934957006202464
2020-01-07 01:00:00,0.1497036729517239,0.471,0.321296327048276
2020-01-07 02:00:00,0.1322046736190106,0.476,0.3437953263809893
2020-01-07 03:00:00,0.1073111193509362,0.408,0.3006888806490637
2020-01-07 04:00:00,0.0711118038544802,0.097,0.0258881961455197
2020-01-07 05:00:00,0.0466746966809925,0.094,0.0473253033190074
2020-01-07 06:00:00,0.0752952593472387,0.093,0.0177047406527612
2020-01-07 07:00:00,0.1668034949431373,0.101,0.0658034949431373
2020-01-07 08:00:00,0.278506112108764,0.23,0.048506112108764
2020-01-07 09:00:00,0.3457462695303243,0.782,0.4362537304696757
2020-01-07 10:00:00,0.3635875733940347,0.938,0.5744124266059653
2020-01-07 11:00:00,0.4575775869223693,0.168,0.2895775869223692
2020-01-07 12:00:00,0.2486571186460776,0.099,0.1496571186460776
2020-01-07 13:00:00,0.2214394485532574,0.09,0.1314394485532574
2020-01-07 14:00:00,0.2290215177602033,0.112,0.1170215177602033
2020-01-07 15:00:00,0.2542249501133929,0.787,0.5327750498866071
2020-01-07 16:00:00,0.2356498457096715,0.438,0.2023501542903284
2020-01-07 17:00:00,0.183128255060128,0.241,0.0578717449398719
2020-01-07 18:00:00,0.1405012780840312,0.332,0.1914987219159688
2020-01-07 19:00:00,0.1546888360560354,0.483,0.3283111639439646
2020-01-07 20:00:00,0.1959969791272036,0.222,0.0260030208727964
2020-01-07 21:00:00,0.2450444107384131,0.187,0.0580444107384131
2020-01-07 22:00:00,0.3249014853477427,0.655,0.3300985146522572
2020-01-07 23:00:00,0.3033080987303488,0.457,0.1536919012696511
2020-01-08 00:00:00,0.3010395594980268,0.572,0.2709604405019731
2020-01-08 01:00:00,0.1617512722701489,0.274,0.1122487277298511
2020-01-08 02:00:00,0.1556446458532735,0.099,0.0566446458532735
2020-01-08 03:00:00,0.1275708967844496,0.096,0.0315708967844496
2020-01-08 04:00:00,0.0451892936762475,0.103,0.0578107063237524
2020-01-08 05:00:00,0.0233373727048223,0.107,0.0836626272951776
2020-01-08 06:00:00,0.054739472045362,0.103,0.0482605279546379
2020-01-08 07:00:00,0.1495088447909656,0.104,0.0455088447909656
2020-01-08 08:00:00,0.2830179903860046,0.216,0.0670179903860046
2020-01-08 09:00:00,0.4372583332114376,0.331,0.1062583332114375
2020-01-08 10:00:00,0.4494885375609639,1.148,0.698511462439036
2020-01-08 11:00:00,0.2621817746972187,1.135,0.8728182253027812
2020-01-08 12:00:00,0.1919494720280903,0.132,0.0599494720280903
2020-01-08 13:00:00,0.1831009353019043,0.1,0.0831009353019043
2020-01-08 14:00:00,0.2211309397961997,1.13,0.9088690602038002
2020-01-08 15:00:00,0.3539354700492741,0.285,0.0689354700492741
2020-01-08 16:00:00,0.2814123298528099,0.335,0.05358767014719
2020-01-08 17:00:00,0.1971791088951202,0.381,0.1838208911048798
2020-01-08 18:00:00,0.1692964267324558,0.349,0.1797035732675441
2020-01-08 19:00:00,0.1997444030317066,0.105,0.0947444030317066
2020-01-08 20:00:00,0.2077642391329973,0.279,0.0712357608670026
2020-01-08 21:00:00,0.2499510522365303,0.716,0.4660489477634696
2020-01-08 22:00:00,0.3319965195115909,0.476,0.144003480488409
2020-01-08 23:00:00,0.271451942679783,0.679,0.407548057320217
2020-01-09 00:00:00,0.3946847493223752,0.55,0.1553152506776248
2020-01-09 01:00:00,0.1238342142009139,0.425,0.301165785799086
2020-01-09 02:00:00,0.0884009941858315,0.118,0.0295990058141684
2020-01-09 03:00:00,0.0689755824045787,0.112,0.0430244175954212
2020-01-09 04:00:00,0.0345644567480993,0.103,0.0684355432519006
2020-01-09 05:00:00,0.0120557235444532,0.102,0.0899442764555467
2020-01-09 06:00:00,0.0414173639439989,0.106,0.064582636056001
2020-01-09 07:00:00,0.1337787637066534,0.111,0.0227787637066534
2020-01-09 08:00:00,0.2633785363017564,0.107,0.1563785363017564
2020-01-09 09:00:00,0.347982539497374,0.771,0.423017460502626
2020-01-09 10:00:00,0.4614508165294247,0.679,0.2175491834705752
2020-01-09 11:00:00,0.3907854195362385,0.256,0.1347854195362385
2020-01-09 12:00:00,0.1737929236693692,0.103,0.0707929236693692
2020-01-09 13:00:00,0.1602884337033837,0.101,0.0592884337033837
2020-01-09 14:00:00,0.3544338675186445,0.198,0.1564338675186445
2020-01-09 15:00:00,0.2497104357134205,0.626,0.3762895642865794
2020-01-09 16:00:00,0.2388618751904836,0.156,0.0828618751904836
2020-01-09 17:00:00,0.1918768305122203,0.106,0.0858768305122203
2020-01-09 18:00:00,0.1442151338829227,0.25,0.1057848661170772
2020-01-09 19:00:00,0.112788820536036,0.119,0.0062111794639639
2020-01-09 20:00:00,0.1886313530219918,0.615,0.4263686469780082
2020-01-09 21:00:00,0.3044230072834161,0.517,0.2125769927165838
2020-01-09 22:00:00,0.2761868305599384,0.6,0.3238131694400615
2020-01-09 23:00:00,0.2783864321607446,0.718,0.4396135678392553
2020-01-10 00:00:00,0.3728458917561851,0.418,0.0451541082438148
2020-01-10 01:00:00,0.1371736566780044,0.148,0.0108263433219955
2020-01-10 02:00:00,0.0816617256106339,0.135,0.0533382743893661
2020-01-10 03:00:00,0.0624504427323401,0.136,0.0735495572676598
2020-01-10 04:00:00,0.0263270009644648,0.12,0.0936729990355351
2020-01-10 05:00:00,0.0036977352371549,0.119,0.115302264762845
2020-01-10 06:00:00,0.0348469484435599,0.117,0.08215305155644
2020-01-10 07:00:00,0.1284444288666453,0.225,0.0965555711333546
2020-01-10 08:00:00,0.2408181318073473,0.665,0.4241818681926527
2020-01-10 09:00:00,0.4115495461878317,1.389,0.9774504538121684
2020-01-10 10:00:00,0.3843659873011585,0.692,0.3076340126988414
2020-01-10 11:00:00,0.2504190037960777,0.113,0.1374190037960777
2020-01-10 12:00:00,0.1657369206296008,0.402,0.2362630793703992
2020-01-10 13:00:00,0.1567280463510909,0.257,0.1002719536489091
2020-01-10 14:00:00,0.2055124906000032,0.34,0.1344875093999968
2020-01-10 15:00:00,0.2985926647415892,1.205,0.9064073352584108
2020-01-10 16:00:00,0.2066633472681101,0.408,0.2013366527318899
2020-01-10 17:00:00,0.1440725064840988,0.244,0.0999274935159011
2020-01-10 18:00:00,0.1227670850734661,0.205,0.0822329149265338
2020-01-10 19:00:00,0.1079146180471425,0.467,0.3590853819528574
2020-01-10 20:00:00,0.2326933637988322,0.603,0.3703066362011677
2020-01-10 21:00:00,0.2642333729378467,1.369,1.1047666270621532
2020-01-10 22:00:00,0.2848718478633122,0.715,0.4301281521366877
2020-01-10 23:00:00,0.2719254385440147,0.467,0.1950745614559852
2020-01-11 00:00:00,0.2915015970343369,0.415,0.123498402965663
2020-01-11 01:00:00,0.091721354472647,0.414,0.3222786455273529
2020-01-11 02:00:00,0.0797131624174913,0.176,0.0962868375825086
2020-01-11 03:00:00,0.0593661366783693,0.116,0.0566338633216306
2020-01-11 04:00:00,0.0198456027606524,0.092,0.0721543972393475
2020-01-11 05:00:00,-0.0051427534727438,0.1,0.1051427534727438
2020-01-11 06:00:00,0.0227477616209529,0.113,0.090252238379047
2020-01-11 07:00:00,0.1300656376141713,0.093,0.0370656376141713
2020-01-11 08:00:00,0.3090928876408173,0.094,0.2150928876408173
2020-01-11 09:00:00,0.486806306858378,0.741,0.254193693141622
2020-01-11 10:00:00,0.3636039517431689,0.856,0.492396048256831
2020-01-11 11:00:00,0.2034139190057384,0.312,0.1085860809942615
2020-01-11 12:00:00,0.1854073420834812,0.093,0.0924073420834812
2020-01-11 13:00:00,0.15264745064354,0.219,0.0663525493564599
2020-01-11 14:00:00,0.1979758402639764,0.115,0.0829758402639764
2020-01-11 15:00:00,0.3577125277537957,0.085,0.2727125277537957
2020-01-11 16:00:00,0.214306170935735,0.101,0.113306170935735
2020-01-11 17:00:00,0.1334435716881288,0.107,0.0264435716881288
2020-01-11 18:00:00,0.0835009600808579,0.079,0.0045009600808579
2020-01-11 19:00:00,0.1298389174588236,0.108,0.0218389174588236
2020-01-11 20:00:00,0.1993589476835029,0.115,0.0843589476835029
2020-01-11 21:00:00,0.3658928949526891,0.09,0.2758928949526891
2020-01-11 22:00:00,0.27346139618886,0.091,0.18246139618886
2020-01-11 23:00:00,0.2052252192398502,0.1,0.1052252192398502
2020-01-12 00:00:00,0.1786265353207058,0.258,0.0793734646792941
2020-01-12 01:00:00,0.1134617319273916,0.426,0.3125382680726083
2020-01-12 02:00:00,0.0693435336803186,0.402,0.3326564663196814
2020-01-12 03:00:00,0.0426358962425841,0.189,0.1463641037574158
2020-01-12 04:00:00,0.0051727471514867,0.109,0.1038272528485132
2020-01-12 05:00:00,-0.0148095972987539,0.083,0.0978095972987539
2020-01-12 06:00:00,0.0194744033915281,0.092,0.0725255966084718
2020-01-12 07:00:00,0.1114320108932416,0.104,0.0074320108932416
2020-01-12 08:00:00,0.227070987648504,0.082,0.145070987648504
2020-01-12 09:00:00,0.3976212945717488,0.091,0.3066212945717488
2020-01-12 10:00:00,0.4049371516694822,0.11,0.2949371516694822
2020-01-12 11:00:00,0.2547613843618181,1.103,0.8482386156381818
2020-01-12 12:00:00,0.1629663104285951,0.867,0.7040336895714049
2020-01-12 13:00:00,0.1776112903352817,0.344,0.1663887096647182
2020-01-12 14:00:00,0.1993104228998785,0.104,0.0953104228998785
2020-01-12 15:00:00,0.225368426048935,0.853,0.627631573951065
2020-01-12 16:00:00,0.2128206766343483,0.334,0.1211793233656516
2020-01-12 17:00:00,0.162947194551747,0.188,0.0250528054482529
2020-01-12 18:00:00,0.1194122239197706,0.189,0.0695877760802293
2020-01-12 19:00:00,0.134416738466104,0.359,0.2245832615338959
2020-01-12 20:00:00,0.1885315140988625,0.216,0.0274684859011374
2020-01-12 21:00:00,0.2364501806444554,0.602,0.3655498193555445
2020-01-12 22:00:00,0.2489823851386173,0.528,0.2790176148613827
2020-01-12 23:00:00,0.2234906091753803,0.408,0.1845093908246196
2020-01-13 00:00:00,0.2824683580064289,0.303,0.020531641993571
2020-01-13 01:00:00,0.1747783693250078,0.097,0.0777783693250078
2020-01-13 02:00:00,0.1660406700452528,0.093,0.0730406700452528
2020-01-13 03:00:00,0.1174346638204866,0.092,0.0254346638204866
2020-01-13 04:00:00,0.072648080251609,0.095,0.0223519197483909
2020-01-13 05:00:00,0.0482600915535129,0.094,0.045739908446487
2020-01-13 06:00:00,0.0823081292447627,0.094,0.0116918707552372
2020-01-13 07:00:00,0.1791840256715396,0.099,0.0801840256715396
2020-01-13 08:00:00,0.2908057828238938,0.218,0.0728057828238938
2020-01-13 09:00:00,0.3613882925538469,1.67,1.308611707446153
2020-01-13 10:00:00,0.3523976306328759,0.619,0.2666023693671241
2020-01-13 11:00:00,0.4385325456518248,0.218,0.2205325456518248
2020-01-13 12:00:00,0.3418254983518983,0.334,0.0078254983518983
2020-01-13 13:00:00,0.2532069546123707,0.22,0.0332069546123706
2020-01-13 14:00:00,0.2509470821373046,0.753,0.5020529178626953
2020-01-13 15:00:00,0.3944955347240628,0.195,0.1994955347240627
2020-01-13 16:00:00,0.2957384240236391,0.192,0.103738424023639
2020-01-13 17:00:00,0.2186888720373576,0.24,0.0213111279626423
2020-01-13 18:00:00,0.1757560423032056,0.108,0.0677560423032056
2020-01-13 19:00:00,0.2084922428584315,0.143,0.0654922428584315
2020-01-13 20:00:00,0.2351953241552759,0.508,0.2728046758447241
2020-01-13 21:00:00,0.3425306841721539,0.36,0.017469315827846
2020-01-13 22:00:00,0.3391720237243127,0.418,0.0788279762756872
2020-01-13 23:00:00,0.2893793045210382,0.537,0.2476206954789618
2020-01-14 00:00:00,0.3380446452986629,0.319,0.0190446452986629
2020-01-14 01:00:00,0.1254518682110947,0.132,0.0065481317889052
2020-01-14 02:00:00,0.1157064390016092,0.11,0.0057064390016092
2020-01-14 03:00:00,0.096076614458039,0.108,0.0119233855419609
2020-01-14 04:00:00,0.0605208201984826,0.105,0.0444791798015173
2020-01-14 05:00:00,0.0365385213764849,0.103,0.066461478623515
2020-01-14 06:00:00,0.0658689910059513,0.102,0.0361310089940486
2020-01-14 07:00:00,0.1585884696325927,0.2,0.0414115303674072
2020-01-14 08:00:00,0.2893594571054793,0.206,0.0833594571054792
2020-01-14 09:00:00,0.5807539304402907,0.84,0.2592460695597093
2020-01-14 10:00:00,0.4048434766868998,0.367,0.0378434766868998
2020-01-14 11:00:00,0.2739766244235834,0.131,0.1429766244235834
2020-01-14 12:00:00,0.2305850781812049,0.192,0.0385850781812049
2020-01-14 13:00:00,0.2043265377878445,0.262,0.0576734622121555
2020-01-14 14:00:00,0.3208068562907665,0.887,0.5661931437092335
2020-01-14 15:00:00,0.2618050361829813,0.16,0.1018050361829813
2020-01-14 16:00:00,0.2429908215465155,0.202,0.0409908215465155
2020-01-14 17:00:00,0.1963765269905268,0.311,0.1146234730094732
2020-01-14 18:00:00,0.1335909132046502,0.169,0.0354090867953497
2020-01-14 19:00:00,0.1463472267762201,0.146,0.0003472267762201
2020-01-14 20:00:00,0.2527689738611402,0.361,0.1082310261388597
2020-01-14 21:00:00,0.2789265486163846,0.631,0.3520734513836154
2020-01-14 22:00:00,0.297638511163213,0.488,0.1903614888367869
2020-01-14 23:00:00,0.2865645103911975,0.463,0.1764354896088024
2020-01-15 00:00:00,0.3010125606891017,0.422,0.1209874393108982
2020-01-15 01:00:00,0.1221618758834503,0.123,0.0008381241165496
2020-01-15 02:00:00,0.1116910030583523,0.105,0.0066910030583523
2020-01-15 03:00:00,0.0939170244056172,0.104,0.0100829755943827
2020-01-15 04:00:00,0.0593735798064932,0.104,0.0446264201935067
2020-01-15 05:00:00,0.037196908335329,0.103,0.0658030916646709
2020-01-15 06:00:00,0.0684892247414068,0.103,0.0345107752585931
2020-01-15 07:00:00,0.1777632896725119,0.193,0.015236710327488
2020-01-15 08:00:00,0.2933218458740622,0.151,0.1423218458740622
2020-01-15 09:00:00,0.4596994131088465,0.955,0.4953005868911534
2020-01-15 10:00:00,0.374996295381476,0.597,0.2220037046185239
2020-01-15 11:00:00,0.2709254469309452,1.034,0.7630745530690548
2020-01-15 12:00:00,0.2198995921563344,0.234,0.0141004078436655
2020-01-15 13:00:00,0.2229115380906414,0.155,0.0679115380906414
2020-01-15 14:00:00,0.3538849002477056,0.192,0.1618849002477055
2020-01-15 15:00:00,0.2700899416065482,0.676,0.4059100583934518
2020-01-15 16:00:00,0.2584591797793081,0.214,0.0444591797793081
2020-01-15 17:00:00,0.2211087122394053,0.251,0.0298912877605946
2020-01-15 18:00:00,0.1566890088548179,0.354,0.197310991145182
2020-01-15 19:00:00,0.160248169020567,0.314,0.1537518309794329
2020-01-15 20:00:00,0.2429707592389856,0.703,0.4600292407610143
2020-01-15 21:00:00,0.3329093609708873,0.711,0.3780906390291126
2020-01-15 22:00:00,0.3198387781860603,0.425,0.1051612218139396
2020-01-15 23:00:00,0.2853868919612151,0.51,0.2246131080387849
2020-01-16 00:00:00,0.3395950182333593,0.425,0.0854049817666406
2020-01-16 01:00:00,0.1148536808159323,0.281,0.1661463191840676
2020-01-16 02:00:00,0.1035711415101105,0.098,0.0055711415101105
2020-01-16 03:00:00,0.0844612468597555,0.096,0.0115387531402444
2020-01-16 04:00:00,0.048847944150997,0.107,0.0581520558490029
2020-01-16 05:00:00,0.0252717234788099,0.107,0.0817282765211901
2020-01-16 06:00:00,0.0551366549046427,0.096,0.0408633450953572
2020-01-16 07:00:00,0.1616058959542302,0.095,0.0666058959542302
2020-01-16 08:00:00,0.2681318372578619,0.101,0.1671318372578618
2020-01-16 09:00:00,0.459433475574604,0.862,0.402566524425396
2020-01-16 10:00:00,0.3907758671489575,0.355,0.0357758671489575
2020-01-16 11:00:00,0.3890411066171833,0.226,0.1630411066171832
2020-01-16 12:00:00,0.2043660321631087,0.276,0.0716339678368913
2020-01-16 13:00:00,0.1835207604161816,0.206,0.0224792395838183
2020-01-16 14:00:00,0.2233225971924777,1.006,0.7826774028075223
2020-01-16 15:00:00,0.3248638902838506,0.269,0.0558638902838505
2020-01-16 16:00:00,0.2348880940117841,0.243,0.0081119059882158
2020-01-16 17:00:00,0.1860044496146711,0.242,0.0559955503853288
2020-01-16 18:00:00,0.1590177321181922,0.314,0.1549822678818077
2020-01-16 19:00:00,0.1599171917413926,0.213,0.0530828082586073
2020-01-16 20:00:00,0.2696522497577211,0.234,0.0356522497577211
2020-01-16 21:00:00,0.319539828444739,0.193,0.126539828444739
2020-01-16 22:00:00,0.2846227105633068,0.527,0.2423772894366932
2020-01-16 23:00:00,0.267473806979011,0.609,0.3415261930209889
2020-01-17 00:00:00,0.3508254761543198,0.435,0.0841745238456802
2020-01-17 01:00:00,0.1412509806188902,0.122,0.0192509806188902
2020-01-17 02:00:00,0.1052552227261978,0.114,0.0087447772738021
2020-01-17 03:00:00,0.0868123639699091,0.104,0.0171876360300908
2020-01-17 04:00:00,0.0537047556646175,0.098,0.0442952443353824
2020-01-17 05:00:00,0.031028098420851,0.101,0.0699719015791489
2020-01-17 06:00:00,0.059927696850698,0.111,0.0510723031493019
2020-01-17 07:00:00,0.1531748827449953,0.189,0.0358251172550046
2020-01-17 08:00:00,0.2679688464620033,0.125,0.1429688464620033
2020-01-17 09:00:00,0.4534886672367449,1.142,0.6885113327632549
2020-01-17 10:00:00,0.3625304415780649,0.438,0.075469558421935
2020-01-17 11:00:00,0.2739761652636978,0.112,0.1619761652636978
2020-01-17 12:00:00,0.220376933034715,0.16,0.060376933034715
2020-01-17 13:00:00,0.2009094868296874,0.095,0.1059094868296874
2020-01-17 14:00:00,0.3581806278862107,0.187,0.1711806278862107
2020-01-17 15:00:00,0.2714604708644847,0.211,0.0604604708644847
2020-01-17 16:00:00,0.2483223150517363,0.305,0.0566776849482636
2020-01-17 17:00:00,0.1930281013711423,0.106,0.0870281013711423
2020-01-17 18:00:00,0.160491863640929,0.266,0.105508136359071
2020-01-17 19:00:00,0.1510423757775828,0.129,0.0220423757775828
2020-01-17 20:00:00,0.2029554358278535,0.387,0.1840445641721464
2020-01-17 21:00:00,0.2439229429026587,0.696,0.4520770570973412
2020-01-17 22:00:00,0.302840973665188,0.567,0.264159026334812
2020-01-17 23:00:00,0.2832571885432176,0.517,0.2337428114567823
2020-01-18 00:00:00,0.3229920895496719,0.445,0.1220079104503281
2020-01-18 01:00:00,0.1141291407791479,0.423,0.308870859220852
2020-01-18 02:00:00,0.1027381795094423,0.146,0.0432618204905576
2020-01-18 03:00:00,0.0805949964707296,0.116,0.0354050035292704
2020-01-18 04:00:00,0.0423747062320383,0.113,0.0706252937679616
2020-01-18 05:00:00,0.0176840232404875,0.096,0.0783159767595124
2020-01-18 06:00:00,0.0473557920146072,0.095,0.0476442079853927
2020-01-18 07:00:00,0.1502966883295465,0.11,0.0402966883295465
2020-01-18 08:00:00,0.2518641978910346,0.105,0.1468641978910346
2020-01-18 09:00:00,0.4742779769671061,0.093,0.3812779769671062
2020-01-18 10:00:00,0.350844399888199,1.174,0.823155600111801
2020-01-18 11:00:00,0.2299496939226931,0.915,0.685050306077307
2020-01-18 12:00:00,0.1741939492273816,0.544,0.3698060507726184
2020-01-18 13:00:00,0.1538530613470857,0.186,0.0321469386529142
2020-01-18 14:00:00,0.2005675647759349,0.39,0.1894324352240651
2020-01-18 15:00:00,0.2298169028583039,1.41,1.180183097141696
2020-01-18 16:00:00,0.2241476253615597,0.731,0.5068523746384402
2020-01-18 17:00:00,0.1376905033222132,0.28,0.1423094966777868
2020-01-18 18:00:00,0.1183469569177741,0.316,0.1976530430822259
2020-01-18 19:00:00,0.1034233128127667,0.432,0.3285766871872333
2020-01-18 20:00:00,0.1922806777814534,0.188,0.0042806777814534
2020-01-18 21:00:00,0.2880415720230601,0.117,0.1710415720230601
2020-01-18 22:00:00,0.2770187061839947,0.117,0.1600187061839947
2020-01-18 23:00:00,0.2388698902496821,0.112,0.1268698902496821
2020-01-19 00:00:00,0.2118666318358524,0.129,0.0828666318358524
2020-01-19 01:00:00,0.124425534337164,0.563,0.4385744656628358
2020-01-19 02:00:00,0.0743971528632619,0.414,0.339602847136738
2020-01-19 03:00:00,0.0524317578603323,0.104,0.0515682421396676
2020-01-19 04:00:00,0.0182472807230749,0.101,0.0827527192769251
2020-01-19 05:00:00,-0.005685201897193,0.113,0.118685201897193
2020-01-19 06:00:00,0.0264273419647381,0.113,0.0865726580352618
2020-01-19 07:00:00,0.124124522569389,0.1,0.0241245225693889
2020-01-19 08:00:00,0.2394759932309332,0.107,0.1324759932309332
2020-01-19 09:00:00,0.3083753818267185,0.478,0.1696246181732814
2020-01-19 10:00:00,0.4648592634368143,0.143,0.3218592634368142
2020-01-19 11:00:00,0.3591624438084949,0.183,0.1761624438084948
2020-01-19 12:00:00,0.2439113538473974,0.137,0.1069113538473974
2020-01-19 13:00:00,0.1836432112635202,0.096,0.0876432112635202
2020-01-19 14:00:00,0.253027285438172,0.187,0.066027285438172
2020-01-19 15:00:00,0.4411846361921197,0.622,0.1808153638078802
2020-01-19 16:00:00,0.3215264987079346,0.441,0.1194735012920654
2020-01-19 17:00:00,0.2011365145359896,0.311,0.1098634854640104
2020-01-19 18:00:00,0.1675631582325184,0.208,0.0404368417674815
2020-01-19 19:00:00,0.1963406774719524,0.288,0.0916593225280475
2020-01-19 20:00:00,0.2124076206776569,0.206,0.0064076206776569
2020-01-19 21:00:00,0.2538375518555234,0.121,0.1328375518555234
2020-01-19 22:00:00,0.2663343260557705,0.107,0.1593343260557705
2020-01-19 23:00:00,0.2382643260834671,0.567,0.3287356739165328
2020-01-20 00:00:00,0.310936569139646,0.459,0.148063430860354
2020-01-20 01:00:00,0.1769368071357174,0.458,0.2810631928642826
2020-01-20 02:00:00,0.1488580372383388,0.128,0.0208580372383388
2020-01-20 03:00:00,0.0857360227505784,0.105,0.0192639772494215
2020-01-20 04:00:00,0.0528559310692051,0.094,0.0411440689307948
2020-01-20 05:00:00,0.03410441221045,0.105,0.0708955877895499
2020-01-20 06:00:00,0.0665714771204534,0.107,0.0404285228795465
2020-01-20 07:00:00,0.1598082940497421,0.091,0.0688082940497421
2020-01-20 08:00:00,0.2765940342202888,0.106,0.1705940342202888
2020-01-20 09:00:00,0.4035266015647825,0.381,0.0225266015647824
2020-01-20 10:00:00,0.3406801057044155,0.555,0.2143198942955845
2020-01-20 11:00:00,0.2791907566520297,0.33,0.0508092433479702
2020-01-20 12:00:00,0.2116928953231774,0.122,0.0896928953231774
2020-01-20 13:00:00,0.1976119979834561,0.104,0.0936119979834561
2020-01-20 14:00:00,0.2465943538812076,0.101,0.1455943538812076
2020-01-20 15:00:00,0.3410943377386123,0.092,0.2490943377386123
2020-01-20 16:00:00,0.2948510910848523,0.094,0.2008510910848523
2020-01-20 17:00:00,0.2201143289584062,0.107,0.1131143289584062
2020-01-20 18:00:00,0.1609271838345114,0.091,0.0699271838345114
2020-01-20 19:00:00,0.1797378445241976,0.087,0.0927378445241976
2020-01-20 20:00:00,0.2165479630967269,0.419,0.202452036903273
2020-01-20 21:00:00,0.25163226491155,0.725,0.47336773508845
2020-01-20 22:00:00,0.2576451455970848,0.545,0.2873548544029152
2020-01-20 23:00:00,0.2964366276327775,0.432,0.1355633723672224
2020-01-21 00:00:00,0.2821031040374241,0.294,0.0118968959625758
2020-01-21 01:00:00,0.1485725334371489,0.104,0.0445725334371489
2020-01-21 02:00:00,0.0887823959412085,0.108,0.0192176040587914
2020-01-21 03:00:00,0.065694142882429,0.097,0.0313058571175709
2020-01-21 04:00:00,0.0277797599061903,0.107,0.0792202400938097
2020-01-21 05:00:00,0.0054201616315446,0.109,0.1035798383684553
2020-01-21 06:00:00,0.0350998649184809,0.093,0.057900135081519
2020-01-21 07:00:00,0.1250394492000761,0.11,0.015039449200076
2020-01-21 08:00:00,0.2403885736989725,1.906,1.665611426301027
2020-01-21 09:00:00,0.3501051709661573,0.702,0.3518948290338426
2020-01-21 10:00:00,0.3632547086890666,0.159,0.2042547086890666
2020-01-21 11:00:00,0.2595362576053132,0.092,0.1675362576053131
2020-01-21 12:00:00,0.166076965994585,0.093,0.073076965994585
2020-01-21 13:00:00,0.1547625971198964,0.101,0.0537625971198964
2020-01-21 14:00:00,0.188847830728378,0.688,0.4991521692716219
2020-01-21 15:00:00,0.2150297960693589,0.405,0.189970203930641
2020-01-21 16:00:00,0.1969955167585105,0.255,0.0580044832414894
2020-01-21 17:00:00,0.1446506112076056,0.379,0.2343493887923943
2020-01-21 18:00:00,0.099525657243567,0.325,0.225474342756433
2020-01-21 19:00:00,0.1063421410440123,0.431,0.3246578589559876
2020-01-21 20:00:00,0.2077052363313765,0.305,0.0972947636686235
2020-01-21 21:00:00,0.3041131515027099,0.605,0.3008868484972901
2020-01-21 22:00:00,0.2864676911031727,0.513,0.2265323088968273
2020-01-21 23:00:00,0.2395162699211987,0.506,0.2664837300788013
2020-01-22 00:00:00,0.3050247434445053,0.419,0.1139752565554946
2020-01-22 01:00:00,0.108410321098558,0.347,0.2385896789014419
2020-01-22 02:00:00,0.1018090132111413,0.096,0.0058090132111413
2020-01-22 03:00:00,0.0827295999789681,0.104,0.0212704000210318
2020-01-22 04:00:00,0.0502200414017282,0.096,0.0457799585982717
2020-01-22 05:00:00,0.0285634307521683,0.086,0.0574365692478316
2020-01-22 06:00:00,0.0574342535815373,0.103,0.0455657464184626
2020-01-22 07:00:00,0.1542842783640918,0.108,0.0462842783640918
2020-01-22 08:00:00,0.544271598073758,0.204,0.340271598073758
2020-01-22 09:00:00,0.4290822953420683,0.9,0.4709177046579317
2020-01-22 10:00:00,0.3339092007090119,0.664,0.3300907992909881
2020-01-22 11:00:00,0.255729099113348,0.202,0.053729099113348
2020-01-22 12:00:00,0.1953998609096408,0.096,0.0993998609096408
2020-01-22 13:00:00,0.1889722075604173,0.087,0.1019722075604173
2020-01-22 14:00:00,0.3141647678967022,0.779,0.4648352321032978
2020-01-22 15:00:00,0.2988882887589542,0.581,0.2821117112410458
2020-01-22 16:00:00,0.2578682316192391,0.437,0.1791317683807609
2020-01-22 17:00:00,0.222632687124167,0.466,0.243367312875833
2020-01-22 18:00:00,0.1716462667688572,0.195,0.0233537332311427
2020-01-22 19:00:00,0.1951500687210778,0.295,0.0998499312789221
2020-01-22 20:00:00,0.225979390050848,0.327,0.1010206099491519
2020-01-22 21:00:00,0.32080395164901,0.287,0.03380395164901
2020-01-22 22:00:00,0.3156209822467503,0.752,0.4363790177532497
2020-01-22 23:00:00,0.2835247062926915,0.572,0.2884752937073084
2020-01-23 00:00:00,0.3428215563131614,0.358,0.0151784436868385
2020-01-23 01:00:00,0.1679076958880688,0.127,0.0409076958880688
2020-01-23 02:00:00,0.120881881096247,0.098,0.022881881096247
2020-01-23 03:00:00,0.1029670878036609,0.118,0.015032912196339
2020-01-23 04:00:00,0.0659312389139073,0.095,0.0290687610860926
2020-01-23 05:00:00,0.0408975726025404,0.108,0.0671024273974596
2020-01-23 06:00:00,0.0735462957298642,0.24,0.1664537042701357
2020-01-23 07:00:00,0.1673455492483373,0.106,0.0613455492483373
2020-01-23 08:00:00,0.2954279704783565,0.09,0.2054279704783565
2020-01-23 09:00:00,0.4693098889412695,1.068,0.5986901110587306
2020-01-23 10:00:00,0.4194714765514948,0.723,0.3035285234485051
2020-01-23 11:00:00,0.2794056749274165,0.196,0.0834056749274165
2020-01-23 12:00:00,0.2015625716615702,0.34,0.1384374283384298
2020-01-23 13:00:00,0.1916842064065594,1.06,0.8683157935934407
2020-01-23 14:00:00,0.3319099058789504,0.489,0.1570900941210495
2020-01-23 15:00:00,0.3289408538670457,0.297,0.0319408538670457
2020-01-23 16:00:00,0.2881239751302278,0.105,0.1831239751302278
2020-01-23 17:00:00,0.2377373883671637,0.097,0.1407373883671637
2020-01-23 18:00:00,0.1533260005875761,0.16,0.0066739994124239
2020-01-23 19:00:00,0.1757973630888674,0.212,0.0362026369111325
2020-01-23 20:00:00,0.2308488919301718,0.157,0.0738488919301718
2020-01-23 21:00:00,0.2737008363772786,0.235,0.0387008363772786
2020-01-23 22:00:00,0.3539196256115186,0.56,0.2060803743884814
2020-01-23 23:00:00,0.2959451689806118,0.6,0.3040548310193882
2020-01-24 00:00:00,0.3381741792229352,0.422,0.0838258207770648
2020-01-24 01:00:00,0.1184667252663608,0.286,0.1675332747336391
2020-01-24 02:00:00,0.1059839988795354,0.108,0.0020160011204645
2020-01-24 03:00:00,0.09065582639901,0.097,0.0063441736009899
2020-01-24 04:00:00,0.052120081608392,0.111,0.0588799183916079
2020-01-24 05:00:00,0.0313499508216741,0.105,0.0736500491783258
2020-01-24 06:00:00,0.0822832866489279,0.093,0.010716713351072
2020-01-24 07:00:00,0.1556739818976171,0.176,0.0203260181023828
2020-01-24 08:00:00,0.2674811464495712,0.096,0.1714811464495712
2020-01-24 09:00:00,0.4849802414762543,0.239,0.2459802414762543
2020-01-24 10:00:00,0.4191529716943845,0.243,0.1761529716943845
2020-01-24 11:00:00,0.2696530100514568,0.172,0.0976530100514568
2020-01-24 12:00:00,0.2302072436173086,0.097,0.1332072436173086
2020-01-24 13:00:00,0.3317217061615194,0.264,0.0677217061615194
2020-01-24 14:00:00,0.2792600410822184,0.751,0.4717399589177816
2020-01-24 15:00:00,0.2771970770952697,1.325,1.0478029229047303
2020-01-24 16:00:00,0.2287119572590342,0.273,0.0442880427409657
2020-01-24 17:00:00,0.1719461183404887,0.221,0.0490538816595113
2020-01-24 18:00:00,0.1375857141225183,0.217,0.0794142858774817
2020-01-24 19:00:00,0.1516714865712078,0.373,0.2213285134287921
2020-01-24 20:00:00,0.192371718970275,0.327,0.134628281029725
2020-01-24 21:00:00,0.2520259933020352,0.815,0.5629740066979647
2020-01-24 22:00:00,0.3092847080619981,0.614,0.3047152919380018
2020-01-24 23:00:00,0.2830587005928826,0.468,0.1849412994071174
2020-01-25 00:00:00,0.3191680088381022,0.481,0.1618319911618977
2020-01-25 01:00:00,0.1494978798472448,0.309,0.1595021201527551
2020-01-25 02:00:00,0.1120544513362421,0.099,0.0130544513362421
2020-01-25 03:00:00,0.0896322103151718,0.113,0.0233677896848282
2020-01-25 04:00:00,0.0543295622961686,0.099,0.0446704377038313
2020-01-25 05:00:00,0.0282544673165923,0.097,0.0687455326834076
2020-01-25 06:00:00,0.0548196607283753,0.111,0.0561803392716246
2020-01-25 07:00:00,0.1589011908937612,0.091,0.0679011908937612
2020-01-25 08:00:00,0.2585538884916433,0.106,0.1525538884916433
2020-01-25 09:00:00,0.3463730566058745,0.099,0.2473730566058744
2020-01-25 10:00:00,0.331616745482149,1.64,1.3083832545178509
2020-01-25 11:00:00,0.2496689770049076,1.918,1.6683310229950925
2020-01-25 12:00:00,0.1749373037203834,0.947,0.7720626962796165
2020-01-25 13:00:00,0.1903122848102431,1.24,1.0496877151897568
2020-01-25 14:00:00,0.2975753076786758,0.48,0.1824246923213242
2020-01-25 15:00:00,0.4109211578189894,0.252,0.1589211578189894
2020-01-25 16:00:00,0.2301638533566931,0.13,0.100163853356693
2020-01-25 17:00:00,0.1659985825409199,0.115,0.0509985825409199
2020-01-25 18:00:00,0.1211302802762033,0.126,0.0048697197237966
2020-01-25 19:00:00,0.1511555464031493,0.162,0.0108444535968506
2020-01-25 20:00:00,0.193657202197909,0.202,0.0083427978020909
2020-01-25 21:00:00,0.3166615858814818,0.526,0.2093384141185181
2020-01-25 22:00:00,0.2949178477420354,0.62,0.3250821522579645
2020-01-25 23:00:00,0.2419712259792816,0.483,0.2410287740207183
2020-01-26 00:00:00,0.2897412900696609,0.496,0.2062587099303391
2020-01-26 01:00:00,0.1036692012293856,0.304,0.2003307987706143
2020-01-26 02:00:00,0.0639994401453548,0.11,0.0460005598546452
2020-01-26 03:00:00,0.0484718631135119,0.11,0.061528136886488
2020-01-26 04:00:00,0.0123179592270149,0.11,0.097682040772985
2020-01-26 05:00:00,-0.0094531376172863,0.108,0.1174531376172863
2020-01-26 06:00:00,0.0250166357172432,0.109,0.0839833642827567
2020-01-26 07:00:00,0.1175441000691782,0.155,0.0374558999308217
2020-01-26 08:00:00,0.2360282157897048,0.119,0.1170282157897048
2020-01-26 09:00:00,0.3054988247945479,0.221,0.0844988247945478
2020-01-26 10:00:00,0.529879779148773,0.402,0.127879779148773
2020-01-26 11:00:00,0.5062420503729486,0.866,0.3597579496270514
2020-01-26 12:00:00,0.3002754257399174,0.309,0.0087245742600826
2020-01-26 13:00:00,0.3403641013845865,0.847,0.5066358986154134
2020-01-26 14:00:00,0.2628642457766259,0.129,0.1338642457766259
2020-01-26 15:00:00,0.2590160043272386,0.535,0.2759839956727614
2020-01-26 16:00:00,0.2249691338784325,0.831,0.6060308661215674
2020-01-26 17:00:00,0.1711614863743323,0.228,0.0568385136256676
2020-01-26 18:00:00,0.1333055392395676,0.182,0.0486944607604323
2020-01-26 19:00:00,0.1497564162312878,0.116,0.0337564162312878
2020-01-26 20:00:00,0.2099314826628798,0.114,0.0959314826628798
2020-01-26 21:00:00,0.312047275150789,0.303,0.009047275150789
2020-01-26 22:00:00,0.3388939810282117,0.626,0.2871060189717883
2020-01-26 23:00:00,0.2904150118971891,0.668,0.3775849881028109
2020-01-27 00:00:00,0.3980718613954406,0.613,0.2149281386045593
2020-01-27 01:00:00,0.1697931524672853,0.202,0.0322068475327146
2020-01-27 02:00:00,0.1349133696041234,0.111,0.0239133696041234
2020-01-27 03:00:00,0.119141044170201,0.093,0.026141044170201
2020-01-27 04:00:00,0.0866059192982186,0.112,0.0253940807017813
2020-01-27 05:00:00,0.0657501621380251,0.089,0.0232498378619748
2020-01-27 06:00:00,0.0985334136273796,0.111,0.0124665863726203
2020-01-27 07:00:00,0.2009135190613785,0.101,0.0999135190613784
2020-01-27 08:00:00,0.3112482586179346,0.201,0.1102482586179346
2020-01-27 09:00:00,0.39671591227576,0.816,0.41928408772424
2020-01-27 10:00:00,0.4127532494768443,0.231,0.1817532494768443
2020-01-27 11:00:00,0.4156660589773167,0.112,0.3036660589773167
2020-01-27 12:00:00,0.2710910487122552,0.194,0.0770910487122552
2020-01-27 13:00:00,0.3451050387305061,0.245,0.100105038730506
2020-01-27 14:00:00,0.2712222701248281,0.809,0.5377777298751719
2020-01-27 15:00:00,0.3601691963989201,0.192,0.16816919639892
2020-01-27 16:00:00,0.3861076299376569,1.485,1.0988923700623432
2020-01-27 17:00:00,0.2396305368404339,0.296,0.056369463159566
2020-01-27 18:00:00,0.189404119395248,0.204,0.0145958806047519
2020-01-27 19:00:00,0.1864058721645853,0.186,0.0004058721645852
2020-01-27 20:00:00,0.2360651615823375,0.209,0.0270651615823375
2020-01-27 21:00:00,0.3132611672835563,1.298,0.9847388327164436
2020-01-27 22:00:00,0.3705443185673638,0.623,0.2524556814326361
2020-01-27 23:00:00,0.3450580602944115,0.494,0.1489419397055885
2020-01-28 00:00:00,0.4153915447629784,0.464,0.0486084552370215
2020-01-28 01:00:00,0.1888463744279087,0.217,0.0281536255720913
2020-01-28 02:00:00,0.1654364605171194,0.105,0.0604364605171194
2020-01-28 03:00:00,0.1431246174126036,0.106,0.0371246174126036
2020-01-28 04:00:00,0.1099484138344659,0.114,0.004051586165534
2020-01-28 05:00:00,0.0825290498417333,0.095,0.0124709501582666
2020-01-28 06:00:00,0.1152384245543182,0.119,0.0037615754456817
2020-01-28 07:00:00,0.206020192705722,0.096,0.110020192705722
2020-01-28 08:00:00,0.3342287128274886,0.173,0.1612287128274886
2020-01-28 09:00:00,0.4953972315944438,0.312,0.1833972315944438
2020-01-28 10:00:00,0.3930970792996097,0.653,0.2599029207003903
2020-01-28 11:00:00,0.3060081984925791,0.923,0.616991801507421
2020-01-28 12:00:00,0.2571081615910036,0.345,0.0878918384089963
2020-01-28 13:00:00,0.256385747437176,0.253,0.003385747437176
2020-01-28 14:00:00,0.3765603975427596,0.714,0.3374396024572403
2020-01-28 15:00:00,0.3098911676141741,0.295,0.0148911676141741
2020-01-28 16:00:00,0.487645869325759,0.257,0.230645869325759
2020-01-28 17:00:00,0.2520157848123519,1.099,0.8469842151876481
2020-01-28 18:00:00,0.1952248270537222,0.368,0.1727751729462777
2020-01-28 19:00:00,0.2002373912607785,0.338,0.1377626087392215
2020-01-28 20:00:00,0.2548216330979924,0.426,0.1711783669020075
2020-01-28 21:00:00,0.4704767387728353,1.133,0.6625232612271647
2020-01-28 22:00:00,0.3778621939390469,0.868,0.490137806060953
2020-01-28 23:00:00,0.3281738304298304,0.606,0.2778261695701695
2020-01-29 00:00:00,0.3700280109492625,0.479,0.1089719890507374
2020-01-29 01:00:00,0.1548848305917447,0.114,0.0408848305917447
2020-01-29 02:00:00,0.1301870960836673,0.111,0.0191870960836672
2020-01-29 03:00:00,0.1128898049289824,0.097,0.0158898049289824
2020-01-29 04:00:00,0.0801240489989336,0.116,0.0358759510010663
2020-01-29 05:00:00,0.0552567979349465,0.094,0.0387432020650534
2020-01-29 06:00:00,0.0901708769121669,0.117,0.026829123087833
2020-01-29 07:00:00,0.1809141876293065,0.093,0.0879141876293065
2020-01-29 08:00:00,0.3075762208148803,0.149,0.1585762208148803
2020-01-29 09:00:00,0.3981310922487282,0.318,0.0801310922487282
2020-01-29 10:00:00,0.4381590435162077,0.773,0.3348409564837923
2020-01-29 11:00:00,0.4114679113745637,0.44,0.0285320886254363
2020-01-29 12:00:00,0.2632288097204674,0.183,0.0802288097204674
2020-01-29 13:00:00,0.241936911282178,0.243,0.0010630887178219
2020-01-29 14:00:00,0.3476511435626194,1.126,0.7783488564373804
2020-01-29 15:00:00,0.3117852520977326,0.376,0.0642147479022673
2020-01-29 16:00:00,0.2873283338616169,0.294,0.0066716661383831
2020-01-29 17:00:00,0.3604930388302843,0.331,0.0294930388302842
2020-01-29 18:00:00,0.2060200673543503,0.354,0.1479799326456496
2020-01-29 19:00:00,0.2089309563203178,0.146,0.0629309563203179
2020-01-29 20:00:00,0.2731909850081394,0.62,0.3468090149918605
2020-01-29 21:00:00,0.4303870575816038,0.663,0.2326129424183962
2020-01-29 22:00:00,0.399045977499282,0.595,0.1959540225007179
2020-01-29 23:00:00,0.327504646846514,0.774,0.446495353153486
2020-01-30 00:00:00,0.4466321950558675,0.526,0.0793678049441325
2020-01-30 01:00:00,0.1504779221936921,0.38,0.2295220778063078
2020-01-30 02:00:00,0.1408244667377188,0.128,0.0128244667377188
2020-01-30 03:00:00,0.1198398760799691,0.114,0.005839876079969
2020-01-30 04:00:00,0.0873269169620819,0.101,0.013673083037918
2020-01-30 05:00:00,0.0603776936445862,0.121,0.0606223063554137
2020-01-30 06:00:00,0.0933299682598065,0.103,0.0096700317401934
2020-01-30 07:00:00,0.182111070493702,0.104,0.078111070493702
2020-01-30 08:00:00,0.3039903636691861,0.413,0.1090096363308138
2020-01-30 09:00:00,0.3977921462949855,1.205,0.8072078537050146
2020-01-30 10:00:00,0.4539911116242215,0.176,0.2779911116242216
2020-01-30 11:00:00,0.3341209936544331,0.112,0.2221209936544331
2020-01-30 12:00:00,0.233307603276531,0.114,0.1193076032765309
2020-01-30 13:00:00,0.2338291105430219,0.104,0.1298291105430219
2020-01-30 14:00:00,0.402852133876157,1.741,1.338147866123843
2020-01-30 15:00:00,0.315765903268009,0.462,0.146234096731991
2020-01-30 16:00:00,0.2840971878598802,0.202,0.0820971878598802
2020-01-30 17:00:00,0.2342773167802152,0.221,0.0132773167802152
2020-01-30 18:00:00,0.1942464608027708,0.214,0.0197535391972291
2020-01-30 19:00:00,0.1698300459849124,0.21,0.0401699540150876
2020-01-30 20:00:00,0.2929889054414024,0.434,0.1410110945585976
2020-01-30 21:00:00,0.3493722332466562,0.643,0.2936277667533438
2020-01-30 22:00:00,0.3483396310555275,0.887,0.5386603689444724
2020-01-30 23:00:00,0.3441941001323111,0.574,0.2298058998676888
2020-01-31 00:00:00,0.3523031778642934,0.515,0.1626968221357065
2020-01-31 01:00:00,0.1690578034736614,0.28,0.1109421965263386
2020-01-31 02:00:00,0.1220757609461226,0.132,0.0099242390538773
2020-01-31 03:00:00,0.1019065636875149,0.107,0.005093436312485
2020-01-31 04:00:00,0.06537938716806,0.112,0.0466206128319399
2020-01-31 05:00:00,0.0457030018921689,0.116,0.070296998107831
2020-01-31 06:00:00,0.0732270188231543,0.098,0.0247729811768456
2020-01-31 07:00:00,0.1665903105460032,0.178,0.0114096894539967
2020-01-31 08:00:00,0.3278639170548812,0.145,0.1828639170548812
2020-01-31 09:00:00,0.5175903161386168,0.829,0.3114096838613831
2020-01-31 10:00:00,0.3478362508149368,1.077,0.7291637491850631
2020-01-31 11:00:00,0.2695014022128063,0.168,0.1015014022128062
2020-01-31 12:00:00,0.2086408246194233,0.118,0.0906408246194233
2020-01-31 13:00:00,0.1988174410728788,0.108,0.0908174410728788
2020-01-31 14:00:00,0.4835116201077505,0.453,0.0305116201077504
2020-01-31 15:00:00,0.3151095552537631,0.679,0.3638904447462369
2020-01-31 16:00:00,0.2557889085147694,0.314,0.0582110914852305
2020-01-31 17:00:00,0.2026363594634159,0.304,0.101363640536584
2020-01-31 18:00:00,0.1573142576394692,0.255,0.0976857423605307
2020-01-31 19:00:00,0.163152515577741,0.484,0.3208474844222589
2020-01-31 20:00:00,0.2473065074722105,0.194,0.0533065074722105
2020-01-31 21:00:00,0.3278292288584483,0.113,0.2148292288584483
2020-01-31 22:00:00,0.3729156241386013,0.339,0.0339156241386013
2020-01-31 23:00:00,0.2918763961122122,0.67,0.3781236038877878
2020-02-01 00:00:00,0.4268599981696943,0.532,0.1051400018303057
2020-02-01 01:00:00,0.1658080748347778,0.133,0.0328080748347778
2020-02-01 02:00:00,0.1323556743777177,0.122,0.0103556743777177
2020-02-01 03:00:00,0.1080905629887736,0.117,0.0089094370112263
2020-02-01 04:00:00,0.071845076726194,0.123,0.0511549232738059
2020-02-01 05:00:00,0.0472838256670458,0.12,0.0727161743329541
2020-02-01 06:00:00,0.0724198295579643,0.103,0.0305801704420356
2020-02-01 07:00:00,0.1755511415640039,0.119,0.0565511415640039
2020-02-01 08:00:00,0.2820982709779785,1.226,0.9439017290220214
2020-02-01 09:00:00,0.4533663370310572,0.571,0.1176336629689427
2020-02-01 10:00:00,0.4765432405702868,0.184,0.2925432405702868
2020-02-01 11:00:00,0.2662745287486254,0.101,0.1652745287486254
2020-02-01 12:00:00,0.1956930588972034,0.115,0.0806930588972033
2020-02-01 13:00:00,0.1843707299262018,0.154,0.0303707299262018
2020-02-01 14:00:00,0.2704824136478534,0.101,0.1694824136478534
2020-02-01 15:00:00,0.3307686418347126,0.119,0.2117686418347126
2020-02-01 16:00:00,0.2537695687532801,0.111,0.1427695687532801
2020-02-01 17:00:00,0.1951982607639628,0.102,0.0931982607639628
2020-02-01 18:00:00,0.1429912408867509,0.122,0.0209912408867508
2020-02-01 19:00:00,0.1847261478363767,0.105,0.0797261478363767
2020-02-01 20:00:00,0.190602760595978,0.217,0.0263972394040219
2020-02-01 21:00:00,0.2274685522694943,0.105,0.1224685522694943
2020-02-01 22:00:00,0.2709140722397887,0.109,0.1619140722397887
2020-02-01 23:00:00,0.2897868557013952,0.103,0.1867868557013952
2020-02-02 00:00:00,0.2164375201187577,0.5,0.2835624798812422
2020-02-02 01:00:00,0.0894668922444175,0.248,0.1585331077555825
2020-02-02 02:00:00,0.0795594678064586,0.116,0.0364405321935413
2020-02-02 03:00:00,0.0612157755371172,0.106,0.0447842244628827
2020-02-02 04:00:00,0.0283441119354399,0.123,0.09465588806456
2020-02-02 05:00:00,0.0062807438759061,0.102,0.0957192561240938
2020-02-02 06:00:00,0.0354677266046918,0.123,0.0875322733953081
2020-02-02 07:00:00,0.1329765668386627,0.122,0.0109765668386627
2020-02-02 08:00:00,0.4191895944362886,0.098,0.3211895944362887
2020-02-02 09:00:00,0.3894755295162849,1.549,1.1595244704837149
2020-02-02 10:00:00,0.319957017320584,1.618,1.2980429826794162
2020-02-02 11:00:00,0.24146748363223,0.147,0.09446748363223
2020-02-02 12:00:00,0.1856660135577842,0.107,0.0786660135577842
2020-02-02 13:00:00,0.1868982554776729,0.226,0.039101744522327
2020-02-02 14:00:00,0.217027378695387,0.165,0.052027378695387
2020-02-02 15:00:00,0.2506145008047732,0.308,0.0573854991952267
2020-02-02 16:00:00,0.2336592302403658,0.36,0.1263407697596341
2020-02-02 17:00:00,0.1802493955188312,0.218,0.0377506044811687
2020-02-02 18:00:00,0.1433467095097433,0.2,0.0566532904902567
2020-02-02 19:00:00,0.1517191590938648,0.236,0.0842808409061351
2020-02-02 20:00:00,0.2235853515703965,0.177,0.0465853515703965
2020-02-02 21:00:00,0.2598013516463962,0.126,0.1338013516463962
2020-02-02 22:00:00,0.2731101086244912,0.333,0.0598898913755087
2020-02-02 23:00:00,0.2438886169394528,0.577,0.3331113830605471
2020-02-03 00:00:00,0.4001680963671969,0.545,0.144831903632803
2020-02-03 01:00:00,0.1672507516690986,0.403,0.2357492483309013
2020-02-03 02:00:00,0.1410486797828785,0.115,0.0260486797828785
2020-02-03 03:00:00,0.1237184887135823,0.127,0.0032815112864176
2020-02-03 04:00:00,0.0939204878776739,0.106,0.012079512122326
2020-02-03 05:00:00,0.0701679572022276,0.116,0.0458320427977724
2020-02-03 06:00:00,0.1058911557263116,0.118,0.0121088442736883
2020-02-03 07:00:00,0.2010004589166656,0.111,0.0900004589166656
2020-02-03 08:00:00,0.3130228695951337,0.345,0.0319771304048662
2020-02-03 09:00:00,0.605229538334779,0.995,0.389770461665221
2020-02-03 10:00:00,0.6042050772255432,0.383,0.2212050772255431
2020-02-03 11:00:00,0.3112117349793289,0.266,0.0452117349793289
2020-02-03 12:00:00,0.2450015927715974,0.239,0.0060015927715973
2020-02-03 13:00:00,0.2560650002992551,0.234,0.0220650002992551
2020-02-03 14:00:00,0.2822229609582907,0.74,0.4577770390417092
2020-02-03 15:00:00,0.3318001843990926,0.392,0.0601998156009073
2020-02-03 16:00:00,0.3205795091000977,0.376,0.0554204908999023
2020-02-03 17:00:00,0.2431431304675917,0.461,0.2178568695324083
2020-02-03 18:00:00,0.1966304323934541,0.265,0.0683695676065458
2020-02-03 19:00:00,0.2092090239471058,0.205,0.0042090239471058
2020-02-03 20:00:00,0.2507178993156806,0.294,0.0432821006843193
2020-02-03 21:00:00,0.2920516260129148,1.278,0.9859483739870852
2020-02-03 22:00:00,0.3321062862710297,0.661,0.3288937137289703
2020-02-03 23:00:00,0.3368757879001667,0.58,0.2431242120998332
2020-02-04 00:00:00,0.4078329886620953,0.572,0.1641670113379046
2020-02-04 01:00:00,0.2000790492426565,0.142,0.0580790492426565
2020-02-04 02:00:00,0.145936633121215,0.129,0.016936633121215
2020-02-04 03:00:00,0.1281174994756078,0.127,0.0011174994756077
2020-02-04 04:00:00,0.0887912730880622,0.12,0.0312087269119377
2020-02-04 05:00:00,0.0662406957106079,0.111,0.044759304289392
2020-02-04 06:00:00,0.0958078717264844,0.12,0.0241921282735155
2020-02-04 07:00:00,0.1872157359892429,0.13,0.0572157359892429
2020-02-04 08:00:00,0.3364342310289593,0.31,0.0264342310289593
2020-02-04 09:00:00,0.5038364058407528,0.464,0.0398364058407528
2020-02-04 10:00:00,0.3966081190928691,0.831,0.4343918809071309
2020-02-04 11:00:00,0.3091542661433311,0.303,0.0061542661433311
2020-02-04 12:00:00,0.243207473768431,0.103,0.140207473768431
2020-02-04 13:00:00,0.2340234273721453,0.115,0.1190234273721453
2020-02-04 14:00:00,0.3463832619617163,0.169,0.1773832619617163
2020-02-04 15:00:00,0.3206916593677775,0.828,0.5073083406322225
2020-02-04 16:00:00,0.299246544148105,1.315,1.015753455851895
2020-02-04 17:00:00,0.2568598737741442,0.612,0.3551401262258557
2020-02-04 18:00:00,0.1834980731919579,0.113,0.0704980731919579
2020-02-04 19:00:00,0.1820787151167664,0.164,0.0180787151167664
2020-02-04 20:00:00,0.2473883329035963,0.221,0.0263883329035962
2020-02-04 21:00:00,0.4486912304109829,0.581,0.132308769589017
2020-02-04 22:00:00,0.3642409114255253,0.456,0.0917590885744746
2020-02-04 23:00:00,0.3209033949840607,0.586,0.2650966050159393
2020-02-05 00:00:00,0.4047977570498322,0.432,0.0272022429501678
2020-02-05 01:00:00,0.1440919473092668,0.112,0.0320919473092668
2020-02-05 02:00:00,0.1339022010543324,0.121,0.0129022010543324
2020-02-05 03:00:00,0.11592202831238,0.114,0.00192202831238
2020-02-05 04:00:00,0.0807329547711234,0.102,0.0212670452288765
2020-02-05 05:00:00,0.0572289582968632,0.123,0.0657710417031367
2020-02-05 06:00:00,0.0898039413543629,0.098,0.008196058645637
2020-02-05 07:00:00,0.1857502176169257,0.114,0.0717502176169257
2020-02-05 08:00:00,0.3284993209377132,0.145,0.1834993209377132
2020-02-05 09:00:00,0.4215857151570874,0.569,0.1474142848429125
2020-02-05 10:00:00,0.4655309654674105,1.046,0.5804690345325896
2020-02-05 11:00:00,0.316598166695929,0.228,0.088598166695929
2020-02-05 12:00:00,0.2253770083798219,0.11,0.1153770083798219
2020-02-05 13:00:00,0.2198487546452957,0.103,0.1168487546452957
2020-02-05 14:00:00,0.2638689922461776,0.291,0.0271310077538223
2020-02-05 15:00:00,0.3926421334498733,0.367,0.0256421334498733
2020-02-05 16:00:00,0.4481812132748087,0.829,0.3808187867251912
2020-02-05 17:00:00,0.2853217763077872,0.169,0.1163217763077872
2020-02-05 18:00:00,0.165569970620125,0.16,0.005569970620125
2020-02-05 19:00:00,0.1809389835823247,0.219,0.0380610164176753
2020-02-05 20:00:00,0.2410697821917601,0.468,0.2269302178082399
2020-02-05 21:00:00,0.3461536682442678,0.537,0.1908463317557322
2020-02-05 22:00:00,0.3360957170655423,0.578,0.2419042829344576
2020-02-05 23:00:00,0.3236144451854866,0.526,0.2023855548145134
2020-02-06 00:00:00,0.3371151327677871,0.512,0.1748848672322129
2020-02-06 01:00:00,0.1241363601050672,0.11,0.0141363601050672
2020-02-06 02:00:00,0.1158073476492499,0.118,0.00219265235075
2020-02-06 03:00:00,0.0956471607743819,0.099,0.003352839225618
2020-02-06 04:00:00,0.0582073035256825,0.104,0.0457926964743174
2020-02-06 05:00:00,0.0376271186375138,0.111,0.0733728813624861
2020-02-06 06:00:00,0.0632648231886056,0.093,0.0297351768113943
2020-02-06 07:00:00,0.1584624077874094,0.112,0.0464624077874094
2020-02-06 08:00:00,0.2769739596661102,0.227,0.0499739596661102
2020-02-06 09:00:00,0.409886328513328,0.351,0.058886328513328
2020-02-06 10:00:00,0.4691919265080984,0.882,0.4128080734919016
2020-02-06 11:00:00,0.2745765081184874,0.199,0.0755765081184874
2020-02-06 12:00:00,0.1945247240377518,0.15,0.0445247240377518
2020-02-06 13:00:00,0.1850474540513245,0.232,0.0469525459486754
2020-02-06 14:00:00,0.2488413391867068,0.43,0.1811586608132931
2020-02-06 15:00:00,0.2881128448193751,0.282,0.0061128448193751
2020-02-06 16:00:00,0.3392723379288101,0.238,0.1012723379288101
2020-02-06 17:00:00,0.1823364961510393,0.252,0.0696635038489606
2020-02-06 18:00:00,0.1367107318161064,0.108,0.0287107318161064
2020-02-06 19:00:00,0.152876711071287,0.092,0.060876711071287
2020-02-06 20:00:00,0.2423231048380312,0.104,0.1383231048380312
2020-02-06 21:00:00,0.3033101374983526,0.503,0.1996898625016473
2020-02-06 22:00:00,0.3190031884807638,0.654,0.3349968115192362
2020-02-06 23:00:00,0.2790182712598855,0.785,0.5059817287401145
2020-02-07 00:00:00,0.407283368148764,0.585,0.1777166318512359
2020-02-07 01:00:00,0.1179531717585466,0.439,0.3210468282414533
2020-02-07 02:00:00,0.1101952285293096,0.105,0.0051952285293096
2020-02-07 03:00:00,0.0890419312225386,0.1,0.0109580687774613
2020-02-07 04:00:00,0.0550259382118435,0.11,0.0549740617881564
2020-02-07 05:00:00,0.0330523290381095,0.092,0.0589476709618904
2020-02-07 06:00:00,0.0604507980733216,0.115,0.0545492019266783
2020-02-07 07:00:00,0.1568542901528352,0.096,0.0608542901528352
2020-02-07 08:00:00,0.2890226829025932,0.172,0.1170226829025932
2020-02-07 09:00:00,0.3769416805638583,0.347,0.0299416805638583
2020-02-07 10:00:00,0.4452754023623391,0.836,0.3907245976376609
2020-02-07 11:00:00,0.2713608126863412,0.23,0.0413608126863412
2020-02-07 12:00:00,0.2020310922775076,0.097,0.1050310922775075
2020-02-07 13:00:00,0.2063118780135737,0.1,0.1063118780135737
2020-02-07 14:00:00,0.2717930925579317,0.377,0.1052069074420682
2020-02-07 15:00:00,0.2767521062131681,0.438,0.1612478937868319
2020-02-07 16:00:00,0.2503407151267473,0.261,0.0106592848732526
2020-02-07 17:00:00,0.1956736448090858,0.228,0.0323263551909141
2020-02-07 18:00:00,0.1285735872328214,0.221,0.0924264127671786
2020-02-07 19:00:00,0.1323600770221367,0.484,0.3516399229778632
2020-02-07 20:00:00,0.184601669333585,0.269,0.0843983306664149
2020-02-07 21:00:00,0.294861855973402,0.105,0.189861855973402
2020-02-07 22:00:00,0.3258272346900769,0.629,0.303172765309923
2020-02-07 23:00:00,0.3119178817978719,0.482,0.170082118202128
2020-02-08 00:00:00,0.3398253270098444,0.349,0.0091746729901555
2020-02-08 01:00:00,0.1744636432608445,0.11,0.0644636432608445
2020-02-08 02:00:00,0.1120642030390033,0.111,0.0010642030390033
2020-02-08 03:00:00,0.0908213156151958,0.105,0.0141786843848041
2020-02-08 04:00:00,0.0553068288067969,0.113,0.057693171193203
2020-02-08 05:00:00,0.0271497897337514,0.094,0.0668502102662485
2020-02-08 06:00:00,0.0583723112969908,0.114,0.0556276887030091
2020-02-08 07:00:00,0.1464427500747594,0.098,0.0484427500747594
2020-02-08 08:00:00,0.2701963288784577,0.103,0.1671963288784577
2020-02-08 09:00:00,0.3636266897007014,0.177,0.1866266897007014
2020-02-08 10:00:00,0.4234932840897308,2.425,2.001506715910269
2020-02-08 11:00:00,0.259112224782534,0.987,0.727887775217466
2020-02-08 12:00:00,0.1749718696031199,0.283,0.10802813039688
2020-02-08 13:00:00,0.1654243473111288,0.123,0.0424243473111288
2020-02-08 14:00:00,0.2415686039918497,0.211,0.0305686039918497
2020-02-08 15:00:00,0.2772767036049229,1.179,0.9017232963950772
2020-02-08 16:00:00,0.229475373602732,0.939,0.7095246263972679
2020-02-08 17:00:00,0.1668992254474748,0.946,0.7791007745525251
2020-02-08 18:00:00,0.1203680058139895,0.905,0.7846319941860105
2020-02-08 19:00:00,0.1669256679053671,1.108,0.9410743320946328
2020-02-08 20:00:00,0.1848056500309059,1.63,1.445194349969094
2020-02-08 21:00:00,0.2097523583608446,0.129,0.0807523583608446
2020-02-08 22:00:00,0.2992280368598614,0.124,0.1752280368598614
2020-02-08 23:00:00,0.2442935033135836,0.102,0.1422935033135837
2020-02-09 00:00:00,0.2013926862061539,0.118,0.0833926862061539
2020-02-09 01:00:00,0.0663889077258333,0.116,0.0496110922741667
2020-02-09 02:00:00,0.0578657070188801,0.442,0.3841342929811198
2020-02-09 03:00:00,0.0393987053796887,0.249,0.2096012946203113
2020-02-09 04:00:00,0.0069060553136316,0.102,0.0950939446863683
2020-02-09 05:00:00,-0.0177596911631188,0.121,0.1387596911631188
2020-02-09 06:00:00,0.0169185979158941,0.096,0.0790814020841058
2020-02-09 07:00:00,0.1095927644754023,0.11,0.0004072355245976
2020-02-09 08:00:00,0.2268592747277081,0.103,0.1238592747277081
2020-02-09 09:00:00,0.3094740608257579,1.34,1.030525939174242
2020-02-09 10:00:00,0.6445852739050224,0.434,0.2105852739050224
2020-02-09 11:00:00,0.3572015435989272,0.145,0.2122015435989272
2020-02-09 12:00:00,0.1903697752272884,0.248,0.0576302247727115
2020-02-09 13:00:00,0.1609013466816326,0.194,0.0330986533183673
2020-02-09 14:00:00,0.2132554250997918,0.138,0.0752554250997918
2020-02-09 15:00:00,0.3935143557228257,0.689,0.2954856442771742
2020-02-09 16:00:00,0.3411248168907257,0.753,0.4118751831092742
2020-02-09 17:00:00,0.2896888002064029,0.807,0.5173111997935971
2020-02-09 18:00:00,0.2427255368961456,0.822,0.5792744631038543
2020-02-09 19:00:00,0.284700480008437,0.342,0.057299519991563
2020-02-09 20:00:00,0.4200738007503113,0.382,0.0380738007503113
2020-02-09 21:00:00,0.2436534248076107,0.64,0.3963465751923892
2020-02-09 22:00:00,0.2558046385558305,0.612,0.3561953614441694
2020-02-09 23:00:00,0.2234508094161708,0.488,0.2645491905838292
2020-02-10 00:00:00,0.3042709283375536,0.467,0.1627290716624463
2020-02-10 01:00:00,0.1468230259847843,0.133,0.0138230259847843
2020-02-10 02:00:00,0.1907879795790744,0.115,0.0757879795790743
2020-02-10 03:00:00,0.1454789294344036,0.128,0.0174789294344036
2020-02-10 04:00:00,0.0904836740107419,0.105,0.014516325989258
2020-02-10 05:00:00,0.0724150178190038,0.12,0.0475849821809961
2020-02-10 06:00:00,0.1004222622735059,0.113,0.012577737726494
2020-02-10 07:00:00,0.1976552740262879,0.128,0.0696552740262879
2020-02-10 08:00:00,0.3127759320852746,0.238,0.0747759320852746
2020-02-10 09:00:00,0.5740102646995767,1.262,0.6879897353004233
2020-02-10 10:00:00,0.4229389299213768,0.386,0.0369389299213768
2020-02-10 11:00:00,0.3101174781770991,0.164,0.1461174781770991
2020-02-10 12:00:00,0.264954881081091,0.121,0.143954881081091
2020-02-10 13:00:00,0.2490738284024333,0.108,0.1410738284024333
2020-02-10 14:00:00,0.276495200218721,0.209,0.067495200218721
2020-02-10 15:00:00,0.390102766661606,0.473,0.082897233338394
2020-02-10 16:00:00,0.3814240180653135,0.224,0.1574240180653135
2020-02-10 17:00:00,0.3338948125946507,0.271,0.0628948125946506
2020-02-10 18:00:00,0.2918193511287623,0.155,0.1368193511287623
2020-02-10 19:00:00,0.2245567422934505,0.142,0.0825567422934505
2020-02-10 20:00:00,0.2815483988732868,0.155,0.1265483988732868
2020-02-10 21:00:00,0.3709534964324375,0.543,0.1720465035675625
2020-02-10 22:00:00,0.3749266318559631,0.619,0.2440733681440368
2020-02-10 23:00:00,0.3222600480098787,0.504,0.1817399519901213
2020-02-11 00:00:00,0.3506494736197186,0.482,0.1313505263802813
2020-02-11 01:00:00,0.1463405086719376,0.484,0.3376594913280624
2020-02-11 02:00:00,0.1334374050265049,0.201,0.0675625949734951
2020-02-11 03:00:00,0.1160698380842851,0.118,0.0019301619157148
2020-02-11 04:00:00,0.0764903115255193,0.099,0.0225096884744807
2020-02-11 05:00:00,0.0542524354458049,0.117,0.062747564554195
2020-02-11 06:00:00,0.0819078856265126,0.109,0.0270921143734873
2020-02-11 07:00:00,0.1766545202299528,0.101,0.0756545202299528
2020-02-11 08:00:00,0.3074545567865956,0.135,0.1724545567865956
2020-02-11 09:00:00,0.5325143004687585,0.315,0.2175143004687584
2020-02-11 10:00:00,0.3851232287449316,1.031,0.6458767712550683
2020-02-11 11:00:00,0.2809387267525448,1.289,1.008061273247455
2020-02-11 12:00:00,0.2117297067738915,0.705,0.4932702932261084
2020-02-11 13:00:00,0.201199460069769,0.218,0.0168005399302309
2020-02-11 14:00:00,0.2523160700988636,0.473,0.2206839299011364
2020-02-11 15:00:00,0.3213508796672677,0.393,0.0716491203327323
2020-02-11 16:00:00,0.2648348276494467,0.257,0.0078348276494467
2020-02-11 17:00:00,0.2162702344249038,0.232,0.0157297655750961
2020-02-11 18:00:00,0.1544322628172067,0.1,0.0544322628172067
2020-02-11 19:00:00,0.159826295420553,0.2,0.0401737045794469
2020-02-11 20:00:00,0.2137648002234277,0.115,0.0987648002234277
2020-02-11 21:00:00,0.3241607757493103,0.559,0.2348392242506897
2020-02-11 22:00:00,0.3456445417811934,0.651,0.3053554582188065
2020-02-11 23:00:00,0.296132107415812,0.769,0.472867892584188
2020-02-12 00:00:00,0.4131181612964504,0.514,0.1008818387035496
2020-02-12 01:00:00,0.178035726680128,0.147,0.031035726680128
2020-02-12 02:00:00,0.1264400995923454,0.112,0.0144400995923454
2020-02-12 03:00:00,0.0964133698704286,0.106,0.0095866301295713
2020-02-12 04:00:00,0.0594961982074644,0.103,0.0435038017925355
2020-02-12 05:00:00,0.0397329989383976,0.12,0.0802670010616024
2020-02-12 06:00:00,0.0691839593861622,0.101,0.0318160406138377
2020-02-12 07:00:00,0.1622955177093392,0.104,0.0582955177093392
2020-02-12 08:00:00,0.2832494079579541,0.165,0.1182494079579541
2020-02-12 09:00:00,0.3809290729746298,0.331,0.0499290729746297
2020-02-12 10:00:00,0.4784719798010687,1.292,0.8135280201989312
2020-02-12 11:00:00,0.4488906828602865,0.292,0.1568906828602865
2020-02-12 12:00:00,0.2978041041631789,0.117,0.1808041041631788
2020-02-12 13:00:00,0.2156362868508385,0.107,0.1086362868508385
2020-02-12 14:00:00,0.2912889321129407,0.646,0.3547110678870593
2020-02-12 15:00:00,0.3083440279192394,0.265,0.0433440279192394
2020-02-12 16:00:00,0.2693327277084118,0.206,0.0633327277084118
2020-02-12 17:00:00,0.2097498830892557,0.245,0.0352501169107442
2020-02-12 18:00:00,0.1452538056506407,0.347,0.2017461943493592
2020-02-12 19:00:00,0.1677456980550943,0.171,0.0032543019449056
2020-02-12 20:00:00,0.2063647383293679,0.197,0.0093647383293679
2020-02-12 21:00:00,0.3249707188647119,0.569,0.244029281135288
2020-02-12 22:00:00,0.3480619631792617,0.532,0.1839380368207382
2020-02-12 23:00:00,0.3330032087964046,0.617,0.2839967912035954
2020-02-13 00:00:00,0.3714747481233608,0.349,0.0224747481233608
2020-02-13 01:00:00,0.1202773457713205,0.127,0.0067226542286794
2020-02-13 02:00:00,0.1051769414979056,0.115,0.0098230585020943
2020-02-13 03:00:00,0.0854883196318175,0.105,0.0195116803681824
2020-02-13 04:00:00,0.0495549766490996,0.125,0.0754450233509003
2020-02-13 05:00:00,0.0280428680322195,0.098,0.0699571319677804
2020-02-13 06:00:00,0.0540863495466211,0.134,0.0799136504533788
2020-02-13 07:00:00,0.1471662312781776,0.229,0.0818337687218223
2020-02-13 08:00:00,0.2707315380867183,0.109,0.1617315380867183
2020-02-13 09:00:00,0.3649885115259156,0.341,0.0239885115259156
2020-02-13 10:00:00,0.498737438186913,0.637,0.138262561813087
2020-02-13 11:00:00,0.2754973762475269,0.213,0.0624973762475269
2020-02-13 12:00:00,0.1858432256975484,0.147,0.0388432256975484
2020-02-13 13:00:00,0.1754180412227725,0.177,0.0015819587772274
2020-02-13 14:00:00,0.2932336080499459,0.824,0.530766391950054
2020-02-13 15:00:00,0.2633533273296185,0.282,0.0186466726703814
2020-02-13 16:00:00,0.2355395105070123,0.136,0.0995395105070123
2020-02-13 17:00:00,0.1853008247992156,0.111,0.0743008247992156
2020-02-13 18:00:00,0.1562698441939619,0.119,0.0372698441939619
2020-02-13 19:00:00,0.1362717132338486,0.119,0.0172717132338486
2020-02-13 20:00:00,0.1918958720613718,0.113,0.0788958720613718
2020-02-13 21:00:00,0.299639875125669,0.628,0.328360124874331
2020-02-13 22:00:00,0.303416133025915,0.765,0.461583866974085
2020-02-13 23:00:00,0.2837298570464252,0.618,0.3342701429535747
2020-02-14 00:00:00,0.3151675325186885,0.497,0.1818324674813115
2020-02-14 01:00:00,0.1090587609620251,0.131,0.0219412390379748
2020-02-14 02:00:00,0.0981104060186858,0.107,0.0088895939813141
2020-02-14 03:00:00,0.0785781888135769,0.107,0.028421811186423
2020-02-14 04:00:00,0.0469601702401176,0.122,0.0750398297598823
2020-02-14 05:00:00,0.0194634507996554,0.104,0.0845365492003445
2020-02-14 06:00:00,0.0546447727811506,0.103,0.0483552272188494
2020-02-14 07:00:00,0.1625720399460576,0.119,0.0435720399460576
2020-02-14 08:00:00,0.259275419527614,0.112,0.147275419527614
2020-02-14 09:00:00,0.3644638748265109,0.184,0.1804638748265108
2020-02-14 10:00:00,0.397164563525659,0.909,0.511835436474341
2020-02-14 11:00:00,0.2624473408551327,1.146,0.8835526591448672
2020-02-14 12:00:00,0.1896900884497817,0.126,0.0636900884497817
2020-02-14 13:00:00,0.1855073986781903,0.343,0.1574926013218096
2020-02-14 14:00:00,0.3199583770491891,1.094,0.7740416229508109
2020-02-14 15:00:00,0.2653894291830853,0.657,0.3916105708169147
2020-02-14 16:00:00,0.2240163335332969,0.45,0.225983666466703
2020-02-14 17:00:00,0.1634573062340016,0.546,0.3825426937659983
2020-02-14 18:00:00,0.1192691075854384,0.548,0.4287308924145616
2020-02-14 19:00:00,0.125271970231328,0.572,0.4467280297686719
2020-02-14 20:00:00,0.1749887296719263,0.511,0.3360112703280737
2020-02-14 21:00:00,0.3034927814099666,0.495,0.1915072185900334
2020-02-14 22:00:00,0.332500751646576,1.704,1.3714992483534238
2020-02-14 23:00:00,0.2756065867360955,1.649,1.3733934132639043
2020-02-15 00:00:00,0.5795187107925202,0.533,0.0465187107925201
2020-02-15 01:00:00,0.106016038688936,0.493,0.386983961311064
2020-02-15 02:00:00,0.0911440775022233,0.506,0.4148559224977767
2020-02-15 03:00:00,0.0709976746877888,0.216,0.1450023253122111
2020-02-15 04:00:00,0.0364021864028363,0.107,0.0705978135971636
2020-02-15 05:00:00,0.0079681813858327,0.101,0.0930318186141672
2020-02-15 06:00:00,0.0350865278772728,0.117,0.0819134721227271
2020-02-15 07:00:00,0.1284615583822222,0.108,0.0204615583822222
2020-02-15 08:00:00,0.2399834847936391,0.098,0.1419834847936391
2020-02-15 09:00:00,0.3183357214462666,0.109,0.2093357214462666
2020-02-15 10:00:00,0.4148084396512316,0.179,0.2358084396512316
2020-02-15 11:00:00,0.3793919684177378,1.528,1.1486080315822622
2020-02-15 12:00:00,0.1584450561244371,0.611,0.4525549438755629
2020-02-15 13:00:00,0.1813854463693621,0.202,0.0206145536306378
2020-02-15 14:00:00,0.3306019982623783,0.712,0.3813980017376216
2020-02-15 15:00:00,0.2905778647825604,0.465,0.1744221352174396
2020-02-15 16:00:00,0.2386698967709962,0.216,0.0226698967709962
2020-02-15 17:00:00,0.1959030043925942,0.125,0.0709030043925942
2020-02-15 18:00:00,0.1504534197037188,0.112,0.0384534197037188
2020-02-15 19:00:00,0.1602282512201871,0.124,0.0362282512201871
2020-02-15 20:00:00,0.2019725353478161,0.124,0.0779725353478161
2020-02-15 21:00:00,0.2499945523196705,0.115,0.1349945523196705
2020-02-15 22:00:00,0.4446659672555548,0.11,0.3346659672555548
2020-02-15 23:00:00,0.4032158661289781,0.112,0.2912158661289781
2020-02-16 00:00:00,0.2087887235753608,0.124,0.0847887235753608
2020-02-16 01:00:00,0.1218952503843468,0.516,0.3941047496156531
2020-02-16 02:00:00,0.1151929095616324,0.115,0.0001929095616324
2020-02-16 03:00:00,0.0533759708522256,0.117,0.0636240291477743
2020-02-16 04:00:00,0.0030677254747337,0.113,0.1099322745252662
2020-02-16 05:00:00,-0.0199312234602688,0.106,0.1259312234602688
2020-02-16 06:00:00,0.0135172917444707,0.104,0.0904827082555292
2020-02-16 07:00:00,0.1069131009606198,0.114,0.0070868990393801
2020-02-16 08:00:00,0.2220962221311555,0.124,0.0980962221311555
2020-02-16 09:00:00,0.295553641971218,0.248,0.047553641971218
2020-02-16 10:00:00,0.2962778246721713,0.374,0.0777221753278286
2020-02-16 11:00:00,0.4370319390946044,0.394,0.0430319390946044
2020-02-16 12:00:00,0.2364103353800942,0.129,0.1074103353800942
2020-02-16 13:00:00,0.1680592199784545,0.123,0.0450592199784545
2020-02-16 14:00:00,0.2855622594430825,0.11,0.1755622594430825
2020-02-16 15:00:00,0.279683550079946,0.814,0.5343164499200539
2020-02-16 16:00:00,0.2262650586047443,0.242,0.0157349413952556
2020-02-16 17:00:00,0.1596249866751272,0.288,0.1283750133248727
2020-02-16 18:00:00,0.1165045736343763,0.204,0.0874954263656236
2020-02-16 19:00:00,0.1289146682362947,0.33,0.2010853317637053
2020-02-16 20:00:00,0.1844186274063526,0.485,0.3005813725936473
2020-02-16 21:00:00,0.237825846413782,0.534,0.2961741535862179
2020-02-16 22:00:00,0.2502583539292285,0.604,0.3537416460707714
2020-02-16 23:00:00,0.221201555116754,0.711,0.489798444883246
2020-02-17 00:00:00,0.3237000088800429,0.517,0.193299991119957
2020-02-17 01:00:00,0.1719609926880485,0.247,0.0750390073119514
2020-02-17 02:00:00,0.1039831716920049,0.123,0.019016828307995
2020-02-17 03:00:00,0.0891300948013742,0.116,0.0268699051986257
2020-02-17 04:00:00,0.0565315239717433,0.113,0.0564684760282566
2020-02-17 05:00:00,0.0344311460978594,0.127,0.0925688539021405
2020-02-17 06:00:00,0.0656652560571949,0.122,0.056334743942805
2020-02-17 07:00:00,0.1620770596588941,0.13,0.0320770596588941
2020-02-17 08:00:00,0.2800171927058612,0.209,0.0710171927058612
2020-02-17 09:00:00,0.3701739751097157,2.431,2.060826024890284
2020-02-17 10:00:00,0.3784489967380266,1.257,0.8785510032619732
2020-02-17 11:00:00,0.3131446951392527,0.138,0.1751446951392526
2020-02-17 12:00:00,0.2109394579712554,0.13,0.0809394579712554
2020-02-17 13:00:00,0.2022155183309796,0.123,0.0792155183309796
2020-02-17 14:00:00,0.2364122406630957,0.556,0.3195877593369043
2020-02-17 15:00:00,0.3738244702255534,0.543,0.1691755297744466
2020-02-17 16:00:00,0.2673850756596033,0.204,0.0633850756596033
2020-02-17 17:00:00,0.2183514879227112,0.293,0.0746485120772887
2020-02-17 18:00:00,0.1606281580093132,0.158,0.0026281580093132
2020-02-17 19:00:00,0.1867035726024122,0.118,0.0687035726024122
2020-02-17 20:00:00,0.2619983579724984,0.264,0.0020016420275015
2020-02-17 21:00:00,0.3201477630004926,1.165,0.8448522369995074
2020-02-17 22:00:00,0.3399079716654844,1.052,0.7120920283345156
2020-02-17 23:00:00,0.3228374336385942,0.513,0.1901625663614057
2020-02-18 00:00:00,0.3275486749047769,0.497,0.1694513250952231
2020-02-18 01:00:00,0.143294584695062,0.339,0.195705415304938
2020-02-18 02:00:00,0.1139813633666455,0.125,0.0110186366333544
2020-02-18 03:00:00,0.0939040019519751,0.133,0.0390959980480248
2020-02-18 04:00:00,0.057778097336638,0.12,0.0622219026633619
2020-02-18 05:00:00,0.0354118923676856,0.112,0.0765881076323143
2020-02-18 06:00:00,0.0629331329635521,0.126,0.0630668670364478
2020-02-18 07:00:00,0.1560704717975627,0.145,0.0110704717975627
2020-02-18 08:00:00,0.2819401571481927,0.206,0.0759401571481927
2020-02-18 09:00:00,0.69212274312784,1.036,0.3438772568721601
2020-02-18 10:00:00,0.4984328047624369,0.553,0.0545671952375631
2020-02-18 11:00:00,0.2562568573958171,0.249,0.0072568573958171
2020-02-18 12:00:00,0.1922038979364838,0.145,0.0472038979364838
2020-02-18 13:00:00,0.1823508844404452,0.164,0.0183508844404452
2020-02-18 14:00:00,0.2845138547809772,0.685,0.4004861452190228
2020-02-18 15:00:00,0.3112798564987206,0.332,0.0207201435012794
2020-02-18 16:00:00,0.2407349406777628,0.213,0.0277349406777628
2020-02-18 17:00:00,0.1984931505573057,0.213,0.0145068494426942
2020-02-18 18:00:00,0.1334467987945939,0.125,0.0084467987945938
2020-02-18 19:00:00,0.1348244186799014,0.111,0.0238244186799014
2020-02-18 20:00:00,0.2098659959834164,0.161,0.0488659959834164
2020-02-18 21:00:00,0.4003459526580933,0.656,0.2556540473419067
2020-02-18 22:00:00,0.3934835530478607,0.493,0.0995164469521392
2020-02-18 23:00:00,0.278707148044939,0.615,0.3362928519550609
2020-02-19 00:00:00,0.3720812810414381,0.388,0.0159187189585618
2020-02-19 01:00:00,0.1481120201744294,0.195,0.0468879798255705
2020-02-19 02:00:00,0.1069713519246677,0.181,0.0740286480753322
2020-02-19 03:00:00,0.0912382932505528,0.124,0.0327617067494471
2020-02-19 04:00:00,0.0554985105651937,0.114,0.0585014894348062
2020-02-19 05:00:00,0.0315619337438156,0.106,0.0744380662561843
2020-02-19 06:00:00,0.063939527141392,0.126,0.0620604728586079
2020-02-19 07:00:00,0.1610054238211579,0.109,0.0520054238211579
2020-02-19 08:00:00,0.2864718287109291,0.223,0.063471828710929
2020-02-19 09:00:00,0.484465001833708,0.617,0.1325349981662919
2020-02-19 10:00:00,0.3986903818034943,1.571,1.1723096181965056
2020-02-19 11:00:00,0.2828434950150829,0.704,0.421156504984917
2020-02-19 12:00:00,0.2048090591090588,0.248,0.0431909408909411
2020-02-19 13:00:00,0.1997958261558081,0.105,0.0947958261558081
2020-02-19 14:00:00,0.3162254527469879,0.331,0.014774547253012
2020-02-19 15:00:00,0.2916462996637519,0.255,0.0366462996637519
2020-02-19 16:00:00,0.2552308555789966,0.362,0.1067691444210033
2020-02-19 17:00:00,0.1991139254274188,0.256,0.0568860745725811
2020-02-19 18:00:00,0.140996842443099,0.218,0.0770031575569009
2020-02-19 19:00:00,0.1461901979776904,0.295,0.1488098020223095
2020-02-19 20:00:00,0.2063543124281845,0.603,0.3966456875718154
2020-02-19 21:00:00,0.3338375542454706,0.59,0.2561624457545293
2020-02-19 22:00:00,0.3183605871180888,0.765,0.4466394128819111
2020-02-19 23:00:00,0.3035246683530946,0.729,0.4254753316469054
2020-02-20 00:00:00,0.3689751347157793,0.5,0.1310248652842206
2020-02-20 01:00:00,0.1214604230029028,0.111,0.0104604230029028
2020-02-20 02:00:00,0.1094634293338703,0.12,0.0105365706661296
2020-02-20 03:00:00,0.0821626249611248,0.095,0.0128373750388751
2020-02-20 04:00:00,0.045285925741055,0.117,0.071714074258945
2020-02-20 05:00:00,0.0197466391300713,0.091,0.0712533608699286
2020-02-20 06:00:00,0.0514282961442392,0.113,0.0615717038557607
2020-02-20 07:00:00,0.1412842490680699,0.09,0.0512842490680699
2020-02-20 08:00:00,0.2732280660211146,0.83,0.5567719339788854
2020-02-20 09:00:00,0.4029646126670897,0.533,0.1300353873329102
2020-02-20 10:00:00,0.5364884552771325,0.095,0.4414884552771325
2020-02-20 11:00:00,0.3324791014635343,0.104,0.2284791014635343
2020-02-20 12:00:00,0.1990681298545585,0.106,0.0930681298545585
2020-02-20 13:00:00,0.1681306616847036,0.674,0.5058693383152963
2020-02-20 14:00:00,0.2385688546531246,0.417,0.1784311453468753
2020-02-20 15:00:00,0.2555716772754919,0.838,0.582428322724508
2020-02-20 16:00:00,0.2531733735720059,0.364,0.110826626427994
2020-02-20 17:00:00,0.1802539237205344,0.236,0.0557460762794655
2020-02-20 18:00:00,0.1295109636552099,0.284,0.15448903634479
2020-02-20 19:00:00,0.1486473010156723,0.279,0.1303526989843276
2020-02-20 20:00:00,0.2486771828824965,0.147,0.1016771828824965
2020-02-20 21:00:00,0.2985848183589204,0.277,0.0215848183589204
2020-02-20 22:00:00,0.3354589003133198,0.69,0.3545410996866801
2020-02-20 23:00:00,0.2969525421111207,0.645,0.3480474578888793
2020-02-21 00:00:00,0.3482363931878409,0.535,0.1867636068121591
2020-02-21 01:00:00,0.0985969282551289,0.136,0.037403071744871
2020-02-21 02:00:00,0.0910522395716288,0.104,0.0129477604283711
2020-02-21 03:00:00,0.0697015267698382,0.103,0.0332984732301617
2020-02-21 04:00:00,0.0387582684959521,0.103,0.0642417315040479
2020-02-21 05:00:00,0.0113694445608342,0.101,0.0896305554391657
2020-02-21 06:00:00,0.0442627524261541,0.101,0.0567372475738458
2020-02-21 07:00:00,0.1341933633277788,0.103,0.0311933633277787
2020-02-21 08:00:00,0.3636643256070728,0.116,0.2476643256070728
2020-02-21 09:00:00,0.3881844249691402,0.33,0.0581844249691401
2020-02-21 10:00:00,0.3084134753556717,1.166,0.8575865246443282
2020-02-21 11:00:00,0.239831769013674,0.107,0.132831769013674
2020-02-21 12:00:00,0.1772270836358005,0.091,0.0862270836358005
2020-02-21 13:00:00,0.2559291052513581,0.107,0.1489291052513581
2020-02-21 14:00:00,0.2521731853701944,0.397,0.1448268146298056
2020-02-21 15:00:00,0.3458146157749164,0.271,0.0748146157749163
2020-02-21 16:00:00,0.2539406209069225,0.266,0.0120593790930774
2020-02-21 17:00:00,0.1773362386528866,0.197,0.0196637613471133
2020-02-21 18:00:00,0.139268821900015,0.204,0.0647311780999849
2020-02-21 19:00:00,0.1450141954394227,0.229,0.0839858045605772
2020-02-21 20:00:00,0.1763892930761997,0.249,0.0726107069238002
2020-02-21 21:00:00,0.2471819447966066,0.549,0.3018180552033934
2020-02-21 22:00:00,0.3193045779091381,0.821,0.5016954220908618
2020-02-21 23:00:00,0.2776879547580697,1.785,1.5073120452419302
2020-02-22 00:00:00,0.6853184595536587,0.603,0.0823184595536586
2020-02-22 01:00:00,0.1089545603495281,0.243,0.1340454396504718
2020-02-22 02:00:00,0.0928088280685515,0.116,0.0231911719314484
2020-02-22 03:00:00,0.0726964909610271,0.114,0.0413035090389728
2020-02-22 04:00:00,0.035890844851794,0.117,0.0811091551482059
2020-02-22 05:00:00,0.0097870697850226,0.109,0.0992129302149773
2020-02-22 06:00:00,0.0369179449954422,0.978,0.9410820550045578
2020-02-22 07:00:00,0.1282576891414831,0.644,0.5157423108585169
2020-02-22 08:00:00,0.2432165294908128,0.113,0.1302165294908128
2020-02-22 09:00:00,0.3436324168048137,0.098,0.2456324168048137
2020-02-22 10:00:00,0.4569062250143135,0.111,0.3459062250143135
2020-02-22 11:00:00,0.2223748339196164,0.106,0.1163748339196164
2020-02-22 12:00:00,0.1550800392286166,0.123,0.0320800392286166
2020-02-22 13:00:00,0.1470815880360945,0.151,0.0039184119639054
2020-02-22 14:00:00,0.2257465745233024,0.092,0.1337465745233024
2020-02-22 15:00:00,0.2337094932277507,0.114,0.1197094932277507
2020-02-22 16:00:00,0.2126432692862014,0.102,0.1106432692862014
2020-02-22 17:00:00,0.1440596413493033,0.104,0.0400596413493033
2020-02-22 18:00:00,0.098984961664637,0.111,0.0120150383353629
2020-02-22 19:00:00,0.109100294364468,0.101,0.008100294364468
2020-02-22 20:00:00,0.1640603020412671,0.112,0.0520603020412671
2020-02-22 21:00:00,0.2614052201604446,0.125,0.1364052201604446
2020-02-22 22:00:00,0.3126001088966576,0.095,0.2176001088966576
2020-02-22 23:00:00,0.4270201033881818,0.11,0.3170201033881819
2020-02-23 00:00:00,0.2076198354171552,0.605,0.3973801645828447
2020-02-23 01:00:00,0.082333046762053,0.471,0.388666953237947
2020-02-23 02:00:00,0.0540388218966583,0.125,0.0709611781033416
2020-02-23 03:00:00,0.0365507526769461,0.113,0.0764492473230538
2020-02-23 04:00:00,0.0033822498161561,0.094,0.0906177501838438
2020-02-23 05:00:00,-0.0201105436679184,0.122,0.1421105436679184
2020-02-23 06:00:00,0.1440947031242875,0.22,0.0759052968757124
2020-02-23 07:00:00,0.1879770517841272,0.16,0.0279770517841272
2020-02-23 08:00:00,0.2238576623421816,0.104,0.1198576623421816
2020-02-23 09:00:00,0.2937998124353669,0.109,0.1847998124353669
2020-02-23 10:00:00,0.2857870932580359,0.22,0.0657870932580359
2020-02-23 11:00:00,0.2177778466156533,0.304,0.0862221533843466
2020-02-23 12:00:00,0.1605702905638004,0.204,0.0434297094361995
2020-02-23 13:00:00,0.1594942583348965,0.104,0.0554942583348965
2020-02-23 14:00:00,0.189841489366056,0.111,0.078841489366056
2020-02-23 15:00:00,0.2257620639214304,0.166,0.0597620639214304
2020-02-23 16:00:00,0.2088881971341177,0.517,0.3081118028658823
2020-02-23 17:00:00,0.1562969753564477,0.188,0.0317030246435522
2020-02-23 18:00:00,0.1160867949959853,0.331,0.2149132050040146
2020-02-23 19:00:00,0.125491764545188,0.184,0.0585082354548119
2020-02-23 20:00:00,0.1836350504532657,0.386,0.2023649495467342
2020-02-23 21:00:00,0.2415261019544184,0.333,0.0914738980455815
2020-02-23 22:00:00,0.2508510347839163,0.486,0.2351489652160836
2020-02-23 23:00:00,0.22391651449214,0.557,0.33308348550786
2020-02-24 00:00:00,0.3680023225852464,0.403,0.0349976774147536
2020-02-24 01:00:00,0.1755978669648708,0.107,0.0685978669648708
2020-02-24 02:00:00,0.1163689910682924,0.109,0.0073689910682924
2020-02-24 03:00:00,0.0994677067229789,0.103,0.003532293277021
2020-02-24 04:00:00,0.0647546989837668,0.104,0.0392453010162331
2020-02-24 05:00:00,0.04821220562263,0.106,0.0577877943773699
2020-02-24 06:00:00,0.0949825233485495,0.101,0.0060174766514504
2020-02-24 07:00:00,0.1809780155553303,0.106,0.0749780155553303
2020-02-24 08:00:00,0.2890614081533945,1.138,0.8489385918466055
2020-02-24 09:00:00,0.3609271348855182,0.415,0.0540728651144817
2020-02-24 10:00:00,0.3665418901960879,0.601,0.234458109803912
2020-02-24 11:00:00,0.3106561117218753,0.76,0.4493438882781246
2020-02-24 12:00:00,0.2337748871468393,0.191,0.0427748871468393
2020-02-24 13:00:00,0.2108342127001092,0.1,0.1108342127001092
2020-02-24 14:00:00,0.2484559121972669,0.468,0.2195440878027331
2020-02-24 15:00:00,0.2861582583722535,0.417,0.1308417416277464
2020-02-24 16:00:00,0.3213417266638212,0.253,0.0683417266638212
2020-02-24 17:00:00,0.2146002319507456,0.125,0.0896002319507456
2020-02-24 18:00:00,0.1914566146239501,1.103,0.9115433853760498
2020-02-24 19:00:00,0.1758924226237719,0.699,0.523107577376228
2020-02-24 20:00:00,0.2588931605381034,0.304,0.0451068394618965
2020-02-24 21:00:00,0.3021978256413666,0.462,0.1598021743586333
2020-02-24 22:00:00,0.3350732571902408,0.558,0.2229267428097592
2020-02-24 23:00:00,0.3123862773226907,0.47,0.1576137226773092
2020-02-25 00:00:00,0.3313730960717519,0.474,0.142626903928248
2020-02-25 01:00:00,0.1269506053249862,0.144,0.0170493946750137
2020-02-25 02:00:00,0.1165290214748887,0.106,0.0105290214748887
2020-02-25 03:00:00,0.0964595840718885,0.098,0.0015404159281114
2020-02-25 04:00:00,0.0610235256289873,0.109,0.0479764743710126
2020-02-25 05:00:00,0.0369201189341172,0.094,0.0570798810658827
2020-02-25 06:00:00,0.0644783873561634,0.112,0.0475216126438366
2020-02-25 07:00:00,0.1571302870973607,0.091,0.0661302870973607
2020-02-25 08:00:00,0.4287954384581092,0.915,0.4862045615418908
2020-02-25 09:00:00,0.3867489908313824,0.656,0.2692510091686176
2020-02-25 10:00:00,0.4018406478130488,0.346,0.0558406478130488
2020-02-25 11:00:00,0.3557775642399293,0.207,0.1487775642399293
2020-02-25 12:00:00,0.2056766210970079,0.093,0.1126766210970079
2020-02-25 13:00:00,0.182954421530895,0.115,0.067954421530895
2020-02-25 14:00:00,0.2750624378987534,1.49,1.2149375621012466
2020-02-25 15:00:00,0.2962178555609713,0.287,0.0092178555609713
2020-02-25 16:00:00,0.2527079343145985,0.235,0.0177079343145985
2020-02-25 17:00:00,0.1770379778417785,0.299,0.1219620221582214
2020-02-25 18:00:00,0.2823044378723281,0.276,0.006304437872328
2020-02-25 19:00:00,0.2281776122589201,0.308,0.0798223877410798
2020-02-25 20:00:00,0.2209404414648459,0.571,0.3500595585351539
2020-02-25 21:00:00,0.2979679483427958,0.639,0.3410320516572042
2020-02-25 22:00:00,0.3238187649488899,0.673,0.3491812350511101
2020-02-25 23:00:00,0.2785600587874509,0.691,0.412439941212549
2020-02-26 00:00:00,0.384835888084221,0.153,0.2318358880842209
2020-02-26 01:00:00,0.1222639620988449,0.112,0.0102639620988449
2020-02-26 02:00:00,0.1077799014320669,0.111,0.003220098567933
2020-02-26 03:00:00,0.0895055302544661,0.113,0.0234944697455338
2020-02-26 04:00:00,0.057759000370044,0.105,0.0472409996299559
2020-02-26 05:00:00,0.0332657932570415,0.108,0.0747342067429584
2020-02-26 06:00:00,0.0665615729599842,0.108,0.0414384270400157
2020-02-26 07:00:00,0.1573906394040566,0.105,0.0523906394040566
2020-02-26 08:00:00,0.3991829729366952,0.121,0.2781829729366952
2020-02-26 09:00:00,0.4300032396991042,0.307,0.1230032396991042
2020-02-26 10:00:00,0.3707870264732893,1.254,0.8832129735267107
2020-02-26 11:00:00,0.2804599849563914,0.455,0.1745400150436086
2020-02-26 12:00:00,0.2011155446085798,0.15,0.0511155446085798
2020-02-26 13:00:00,0.1966015711399738,0.141,0.0556015711399738
2020-02-26 14:00:00,0.4435305075957785,0.21,0.2335305075957785
2020-02-26 15:00:00,0.2890987401583921,0.342,0.0529012598416079
2020-02-26 16:00:00,0.2632494932208834,0.513,0.2497505067791166
2020-02-26 17:00:00,0.2172435544115062,0.203,0.0142435544115062
2020-02-26 18:00:00,0.1692545701892049,0.363,0.193745429810795
2020-02-26 19:00:00,0.1814791364555263,0.273,0.0915208635444736
2020-02-26 20:00:00,0.2742613088609712,0.469,0.1947386911390287
2020-02-26 21:00:00,0.3366212544963529,0.635,0.298378745503647
2020-02-26 22:00:00,0.3519588433018403,0.524,0.1720411566981596
2020-02-26 23:00:00,0.3217865297503496,0.644,0.3222134702496504
2020-02-27 00:00:00,0.339423534368429,0.599,0.2595764656315709
2020-02-27 01:00:00,0.1276297123983165,0.251,0.1233702876016834
2020-02-27 02:00:00,0.1171892502612045,0.109,0.0081892502612044
2020-02-27 03:00:00,0.0986990388855138,0.096,0.0026990388855138
2020-02-27 04:00:00,0.0622573818496987,0.111,0.0487426181503012
2020-02-27 05:00:00,0.038792027948969,0.102,0.0632079720510309
2020-02-27 06:00:00,0.0676817896052981,0.105,0.0373182103947018
2020-02-27 07:00:00,0.1596095644250881,0.106,0.0536095644250881
2020-02-27 08:00:00,0.2760466184219519,0.098,0.1780466184219519
2020-02-27 09:00:00,0.3732152958518654,1.861,1.4877847041481345
2020-02-27 10:00:00,0.5049222153575981,0.93,0.425077784642402
2020-02-27 11:00:00,0.3119077042963629,0.183,0.1289077042963629
2020-02-27 12:00:00,0.2021009683679171,0.107,0.0951009683679171
2020-02-27 13:00:00,0.1918962984377881,0.147,0.0448962984377881
2020-02-27 14:00:00,0.2381123494389627,0.347,0.1088876505610372
2020-02-27 15:00:00,0.287010827602701,0.371,0.0839891723972989
2020-02-27 16:00:00,0.2944243210395842,0.323,0.0285756789604157
2020-02-27 17:00:00,0.1904270676029464,0.152,0.0384270676029464
2020-02-27 18:00:00,0.170189908437637,0.21,0.0398100915623629
2020-02-27 19:00:00,0.1637596007421617,0.109,0.0547596007421617
2020-02-27 20:00:00,0.2465965945884108,0.1,0.1465965945884108
2020-02-27 21:00:00,0.3243272627967429,0.328,0.003672737203257
2020-02-27 22:00:00,0.317831297457662,0.482,0.164168702542338
2020-02-27 23:00:00,0.3038178990446862,0.563,0.2591821009553137
2020-02-28 00:00:00,0.3529932675239866,0.477,0.1240067324760134
2020-02-28 01:00:00,0.1161764960611776,0.128,0.0118235039388223
2020-02-28 02:00:00,0.0851824545512986,0.103,0.0178175454487013
2020-02-28 03:00:00,0.065525838442459,0.116,0.0504741615575409
2020-02-28 04:00:00,0.0337020658591783,0.095,0.0612979341408216
2020-02-28 05:00:00,0.0093996456335209,0.116,0.106600354366479
2020-02-28 06:00:00,0.0397301995948792,0.098,0.0582698004051207
2020-02-28 07:00:00,0.1333770657441372,0.109,0.0243770657441372
2020-02-28 08:00:00,0.2474110017064588,0.123,0.1244110017064588
2020-02-28 09:00:00,0.5870154138046904,0.25,0.3370154138046903
2020-02-28 10:00:00,0.4322331327547992,0.317,0.1152331327547992
2020-02-28 11:00:00,0.2482315623601306,0.311,0.0627684376398693
2020-02-28 12:00:00,0.1740196765228542,0.191,0.0169803234771457
2020-02-28 13:00:00,0.1716375083963042,0.204,0.0323624916036957
2020-02-28 14:00:00,0.2381910780753461,0.783,0.5448089219246539
2020-02-28 15:00:00,0.2708204445668454,0.412,0.1411795554331545
2020-02-28 16:00:00,0.2447865070044457,0.399,0.1542134929955542
2020-02-28 17:00:00,0.161955262459061,0.136,0.025955262459061
2020-02-28 18:00:00,0.125519539569865,0.065,0.060519539569865
2020-02-28 19:00:00,0.1166814900283063,0.179,0.0623185099716936
2020-02-28 20:00:00,0.1671956054715196,0.17,0.0028043945284803
2020-02-28 21:00:00,0.25329259017445,0.116,0.13729259017445
2020-02-28 22:00:00,0.2860559185328082,0.575,0.2889440814671917
2020-02-28 23:00:00,0.2644002726702065,0.765,0.5005997273297935
2020-02-29 00:00:00,0.4008798797329793,0.478,0.0771201202670207
2020-02-29 01:00:00,0.12022964740958819,0.487,0.3667703525904118
2020-02-29 02:00:00,0.10488424415538994,0.139,0.034115755844610074
2020-02-29 03:00:00,0.0868451798750666,0.211,0.1241548201249334
2020-02-29 04:00:00,0.047022927564129235,0.153,0.10597707243587076
2020-02-29 05:00:00,0.024714781371872163,0.119,0.09428521862812783
2020-02-29 06:00:00,0.049308739618227404,0.115,0.0656912603817726
2020-02-29 07:00:00,0.14212208007580965,0.114,0.028122080075809644
2020-02-29 08:00:00,0.2572785771289905,0.116,0.1412785771289905
2020-02-29 09:00:00,0.3443198788433293,0.106,0.23831987884332934
2020-02-29 10:00:00,0.33964922962903127,1.707,1.3673507703709689
2020-02-29 11:00:00,0.26631928348042977,0.636,0.36968071651957024
2020-02-29 12:00:00,0.18284967225789042,0.168,0.014849672257890412
2020-02-29 13:00:00,0.1741422135628895,0.128,0.0461422135628895
2020-02-29 14:00:00,0.29675513708971807,0.404,0.10724486291028196
2020-02-29 15:00:00,0.2676557388619186,0.309,0.04134426113808137
2020-02-29 16:00:00,0.2456841272371138,0.34,0.09431587276288622
2020-02-29 17:00:00,0.14765524124028478,0.146,0.0016552412402847938
2020-02-29 18:00:00,0.09056660458316623,0.106,0.015433395416833764
2020-02-29 19:00:00,0.11412583284961558,0.207,0.0928741671503844
2020-02-29 20:00:00,0.16477246978143814,0.154,0.010772469781438143
2020-02-29 21:00:00,0.20835888450289763,0.115,0.09335888450289763
2020-02-29 22:00:00,0.2885288844175011,0.115,0.17352888441750108
2020-02-29 23:00:00,0.2845766934486647,0.109,0.17557669344866472
