timestamp,€/kwh,fecha,tmed_3196,tmin_3196,tmax_3196,velmedia_3196,racha_3196,dia_semana,horatmin_varias_3196,horatmin_minutos_3196,horatmin_sin_3196,horatmin_cos_3196,horatmax_varias_3196,horatmax_minutos_3196,horatmax_sin_3196,horatmax_cos_3196,horaracha_varias_3196,horaracha_minutos_3196,horaracha_sin_3196,horaracha_cos_3196,prec_valor_3196,tmed_9434,tmin_9434,tmax_9434,velmedia_9434,racha_9434,horatmin_varias_9434,horatmin_minutos_9434,horatmin_sin_9434,horatmin_cos_9434,horatmax_varias_9434,horatmax_minutos_9434,horatmax_sin_9434,horatmax_cos_9434,horaracha_varias_9434,horaracha_minutos_9434,horaracha_sin_9434,horaracha_cos_9434,prec_valor_9434,tmed_9170,tmin_9170,tmax_9170,velmedia_9170,racha_9170,horatmin_varias_9170,horatmin_minutos_9170,horatmin_sin_9170,horatmin_cos_9170,horatmax_varias_9170,horatmax_minutos_9170,horatmax_sin_9170,horatmax_cos_9170,horaracha_varias_9170,horaracha_minutos_9170,horaracha_sin_9170,horaracha_cos_9170,prec_valor_9170,tmed_2539,tmin_2539,tmax_2539,velmedia_2539,racha_2539,horatmin_varias_2539,horatmin_minutos_2539,horatmin_sin_2539,horatmin_cos_2539,horatmax_varias_2539,horatmax_minutos_2539,horatmax_sin_2539,horatmax_cos_2539,horaracha_varias_2539,horaracha_minutos_2539,horaracha_sin_2539,horaracha_cos_2539,prec_valor_2539,tmed_6155A,tmin_6155A,tmax_6155A,velmedia_6155A,racha_6155A,horatmin_varias_6155A,horatmin_minutos_6155A,horatmin_sin_6155A,horatmin_cos_6155A,horatmax_varias_6155A,horatmax_minutos_6155A,horatmax_sin_6155A,horatmax_cos_6155A,horaracha_varias_6155A,horaracha_minutos_6155A,horaracha_sin_6155A,horaracha_cos_6155A,prec_valor_6155A,tmed_5514,tmin_5514,tmax_5514,velmedia_5514,racha_5514,horatmin_varias_5514,horatmin_minutos_5514,horatmin_sin_5514,horatmin_cos_5514,horatmax_varias_5514,horatmax_minutos_5514,horatmax_sin_5514,horatmax_cos_5514,horaracha_varias_5514,horaracha_minutos_5514,horaracha_sin_5514,horaracha_cos_5514,prec_valor_5514,tmed_1505,tmin_1505,tmax_1505,velmedia_1505,racha_1505,horatmin_varias_1505,horatmin_minutos_1505,horatmin_sin_1505,horatmin_cos_1505,horatmax_varias_1505,horatmax_minutos_1505,horatmax_sin_1505,horatmax_cos_1505,horaracha_varias_1505,horaracha_minutos_1505,horaracha_sin_1505,horaracha_cos_1505,prec_valor_1505,tmed_3469A,tmin_3469A,tmax_3469A,velmedia_3469A,racha_3469A,horatmin_varias_3469A,horatmin_minutos_3469A,horatmin_sin_3469A,horatmin_cos_3469A,horatmax_varias_3469A,horatmax_minutos_3469A,horatmax_sin_3469A,horatmax_cos_3469A,horaracha_varias_3469A,horaracha_minutos_3469A,horaracha_sin_3469A,horaracha_cos_3469A,prec_valor_3469A,tmed_8019,tmin_8019,tmax_8019,velmedia_8019,racha_8019,horatmin_varias_8019,horatmin_minutos_8019,horatmin_sin_8019,horatmin_cos_8019,horatmax_varias_8019,horatmax_minutos_8019,horatmax_sin_8019,horatmax_cos_8019,horaracha_varias_8019,horaracha_minutos_8019,horaracha_sin_8019,horaracha_cos_8019,prec_valor_8019,tmed_0200E,tmin_0200E,tmax_0200E,velmedia_0200E,racha_0200E,horatmin_varias_0200E,horatmin_minutos_0200E,horatmin_sin_0200E,horatmin_cos_0200E,horatmax_varias_0200E,horatmax_minutos_0200E,horatmax_sin_0200E,horatmax_cos_0200E,horaracha_varias_0200E,horaracha_minutos_0200E,horaracha_sin_0200E,horaracha_cos_0200E,prec_valor_0200E,tmed_4121,tmin_4121,tmax_4121,velmedia_4121,racha_4121,horatmin_varias_4121,horatmin_minutos_4121,horatmin_sin_4121,horatmin_cos_4121,horatmax_varias_4121,horatmax_minutos_4121,horatmax_sin_4121,horatmax_cos_4121,horaracha_varias_4121,horaracha_minutos_4121,horaracha_sin_4121,horaracha_cos_4121,prec_valor_4121,tmed_8175,tmin_8175,tmax_8175,velmedia_8175,racha_8175,horatmin_varias_8175,horatmin_minutos_8175,horatmin_sin_8175,horatmin_cos_8175,horatmax_varias_8175,horatmax_minutos_8175,horatmax_sin_8175,horatmax_cos_8175,horaracha_varias_8175,horaracha_minutos_8175,horaracha_sin_8175,horaracha_cos_8175,prec_valor_8175,es_fin_de_semana,es_laborable,hora_seno,hora_coseno,€/kwh_ma_3,€/kwh_std_3,€/kwh_min_3,€/kwh_max_3,€/kwh_median_3,€/kwh_ma_6,€/kwh_std_6,€/kwh_min_6,€/kwh_max_6,€/kwh_median_6,€/kwh_ma_12,€/kwh_std_12,€/kwh_min_12,€/kwh_max_12,€/kwh_median_12,€/kwh_ma_24,€/kwh_std_24,€/kwh_min_24,€/kwh_max_24,€/kwh_median_24,€/kwh_ma_168,€/kwh_std_168,€/kwh_min_168,€/kwh_max_168,€/kwh_median_168,€/kwh_ma_720,€/kwh_std_720,€/kwh_min_720,€/kwh_max_720,€/kwh_median_720,€/kwh_ma_8760,€/kwh_std_8760,€/kwh_min_8760,€/kwh_max_8760,€/kwh_median_8760,prediccion_€/kwh
2020-01-01 00:00:00,0.10712,2020-01-01,7.199999999999999,0.8000000000000007,13.5,1.4,3.0999999999999996,2.0,0.0,450.0,0.9238795325112867,-0.3826834323650897,0.0,860.0,-0.5735764363510462,-0.8191520442889918,6.938893903907228e-18,360.0,0.9999999999999999,5.551115123125783e-17,0.0,0.9999999999999982,0.3000000000000007,1.8000000000000007,1.7000000000000002,5.6,0.0,370.0,0.9990482215818578,-0.04361938736533588,0.0,890.0,-0.6755902076156601,-0.7372773368101241,0.0,280.0,0.9396926207859084,0.3420201433256689,0.0,0.40000000000000036,-0.9000000000000004,1.6000000000000014,1.4,4.2,0.0,462.0,0.9025852843498607,-0.4305110968082948,0.0,759.0,-0.16934950384902459,-0.9855560590580777,1.0,-1.0,-0.28844838682927876,-0.44323055379825016,0.0,2.9000000000000004,-4.400000000000001,10.2,0.7999999999999998,3.0999999999999996,3.469446951953614e-18,500.0,0.8191520442889917,-0.5735764363510463,0.0,840.0,-0.5000000000000001,-0.8660254037844386,0.0,80.0,0.34202014332566855,0.9396926207859083,0.0,12.8,8.3,17.2,3.3,6.699999999999999,0.0,0.0,0.0,1.0,0.0,810.0,-0.38268343236508967,-0.9238795325112868,1.0,-1.0,-0.017853580658448148,-0.3567052863729232,0.0,8.4,-0.6999999999999993,17.6,2.2,4.7,-6.938893903907228e-18,315.0,0.9807852804032304,0.19509032201612833,0.0,950.0,-0.8433914458128855,-0.5372996083468242,0.0,1153.0,-0.9496991262018771,0.31316380648374914,0.0,1.0,-1.7999999999999998,3.9000000000000004,0.6000000000000001,2.8,0.0,1439.0,-0.0043633092847465416,0.9999904807207345,0.0,970.0,-0.8870108331782215,-0.46174861323503436,1.0,-1.0,-0.4160614854700577,-0.419088747879013,0.0,6.0,0.0,12.1,1.1,2.8,0.0,490.0,0.8433914458128856,-0.537299608346824,0.0,950.0,-0.8433914458128855,-0.5372996083468242,0.0,1070.0,-0.9990482215818578,-0.04361938736533613,0.0,10.2,5.1,15.3,2.5,5.0,0.0,187.0,0.7283709698824002,0.6851829903263592,0.0,867.0,-0.5983246005706591,-0.8012538126910607,0.0,721.0,-0.004363309284746639,-0.9999904807207345,0.0,8.0,4.6,11.3,2.2,11.4,0.0,94.0,0.3987490689252462,0.917060074385124,0.9999999999999999,-1.0,-0.24726896204607396,-0.8486142941076797,0.0,59.0,0.2546019482055276,0.9670459389139431,0.0,2.8000000000000007,0.5,5.199999999999999,0.8,2.8,0.0,490.0,0.8433914458128856,-0.537299608346824,0.0,960.0,-0.8660254037844384,-0.5000000000000004,0.0,160.0,0.6427876096865395,0.7660444431189778,0.0,5.0,-1.5999999999999996,11.6,1.1,3.0999999999999996,0.0,530.0,0.7372773368101241,-0.6755902076156602,0.0,950.0,-0.8433914458128855,-0.5372996083468242,0.0,170.0,0.6755902076156602,0.737277336810124,0.0,0,1,0.0,1.0,0.09913333333333336,0.0071572154734327355,0.0933,0.10712,0.09698,0.09994000000000001,0.006426084344305828,0.0933,0.10766,0.09902,0.10319416666666666,0.005963145079775148,0.0933,0.10977,0.10613500000000001,0.09981625000000001,0.005884614288643618,0.09246,0.10977,0.099595,0.09401571428571429,0.010119880095109274,0.06784,0.11088,0.095255,0.09504680555555556,0.016727085380622352,0.05635,0.12889,0.098295,0.11034087442922375,0.01235008192911621,0.05635,0.14414,0.11086,0.10089236
2020-01-01 01:00:00,0.10407,2020-01-01,7.199999999999999,0.8000000000000007,13.5,1.4,3.0999999999999996,2.0,0.0,450.0,0.9238795325112867,-0.3826834323650897,0.0,860.0,-0.5735764363510462,-0.8191520442889918,6.938893903907228e-18,360.0,0.9999999999999999,5.551115123125783e-17,0.0,0.9999999999999982,0.3000000000000007,1.8000000000000007,1.7000000000000002,5.6,0.0,370.0,0.9990482215818578,-0.04361938736533588,0.0,890.0,-0.6755902076156601,-0.7372773368101241,0.0,280.0,0.9396926207859084,0.3420201433256689,0.0,0.40000000000000036,-0.9000000000000004,1.6000000000000014,1.4,4.2,0.0,462.0,0.9025852843498607,-0.4305110968082948,0.0,759.0,-0.16934950384902459,-0.9855560590580777,1.0,-1.0,-0.28844838682927876,-0.44323055379825016,0.0,2.9000000000000004,-4.400000000000001,10.2,0.7999999999999998,3.0999999999999996,3.469446951953614e-18,500.0,0.8191520442889917,-0.5735764363510463,0.0,840.0,-0.5000000000000001,-0.8660254037844386,0.0,80.0,0.34202014332566855,0.9396926207859083,0.0,12.8,8.3,17.2,3.3,6.699999999999999,0.0,0.0,0.0,1.0,0.0,810.0,-0.38268343236508967,-0.9238795325112868,1.0,-1.0,-0.017853580658448148,-0.3567052863729232,0.0,8.4,-0.6999999999999993,17.6,2.2,4.7,-6.938893903907228e-18,315.0,0.9807852804032304,0.19509032201612833,0.0,950.0,-0.8433914458128855,-0.5372996083468242,0.0,1153.0,-0.9496991262018771,0.31316380648374914,0.0,1.0,-1.7999999999999998,3.9000000000000004,0.6000000000000001,2.8,0.0,1439.0,-0.0043633092847465416,0.9999904807207345,0.0,970.0,-0.8870108331782215,-0.46174861323503436,1.0,-1.0,-0.4160614854700577,-0.419088747879013,0.0,6.0,0.0,12.1,1.1,2.8,0.0,490.0,0.8433914458128856,-0.537299608346824,0.0,950.0,-0.8433914458128855,-0.5372996083468242,0.0,1070.0,-0.9990482215818578,-0.04361938736533613,0.0,10.2,5.1,15.3,2.5,5.0,0.0,187.0,0.7283709698824002,0.6851829903263592,0.0,867.0,-0.5983246005706591,-0.8012538126910607,0.0,721.0,-0.004363309284746639,-0.9999904807207345,0.0,8.0,4.6,11.3,2.2,11.4,0.0,94.0,0.3987490689252462,0.917060074385124,0.9999999999999999,-1.0,-0.24726896204607396,-0.8486142941076797,0.0,59.0,0.2546019482055276,0.9670459389139431,0.0,2.8000000000000007,0.5,5.199999999999999,0.8,2.8,0.0,490.0,0.8433914458128856,-0.537299608346824,0.0,960.0,-0.8660254037844384,-0.5000000000000004,0.0,160.0,0.6427876096865395,0.7660444431189778,0.0,5.0,-1.5999999999999996,11.6,1.1,3.0999999999999996,0.0,530.0,0.7372773368101241,-0.6755902076156602,0.0,950.0,-0.8433914458128855,-0.5372996083468242,0.0,170.0,0.6755902076156602,0.737277336810124,0.0,0,1,0.25881904510252074,0.9659258262890683,0.10272333333333337,0.005202406494417967,0.09698,0.10712,0.10407,0.10169833333333334,0.005722986691124591,0.0933,0.10766,0.10256499999999999,0.10350916666666667,0.00589523915519905,0.0933,0.10977,0.10613500000000001,0.10017791666666666,0.005867460734511606,0.09246,0.10977,0.100465,0.09419904761904763,0.010020295825414065,0.06784,0.11088,0.0953,0.09505212500000002,0.01672934802866239,0.05635,0.12889,0.098295,0.11033635730593608,0.012345136668651936,0.05635,0.14414,0.11086,0.10219209
2020-01-01 02:00:00,0.10372,2020-01-01,7.199999999999999,0.8000000000000007,13.5,1.4,3.0999999999999996,2.0,0.0,450.0,0.9238795325112867,-0.3826834323650897,0.0,860.0,-0.5735764363510462,-0.8191520442889918,6.938893903907228e-18,360.0,0.9999999999999999,5.551115123125783e-17,0.0,0.9999999999999982,0.3000000000000007,1.8000000000000007,1.7000000000000002,5.6,0.0,370.0,0.9990482215818578,-0.04361938736533588,0.0,890.0,-0.6755902076156601,-0.7372773368101241,0.0,280.0,0.9396926207859084,0.3420201433256689,0.0,0.40000000000000036,-0.9000000000000004,1.6000000000000014,1.4,4.2,0.0,462.0,0.9025852843498607,-0.4305110968082948,0.0,759.0,-0.16934950384902459,-0.9855560590580777,1.0,-1.0,-0.28844838682927876,-0.44323055379825016,0.0,2.9000000000000004,-4.400000000000001,10.2,0.7999999999999998,3.0999999999999996,3.469446951953614e-18,500.0,0.8191520442889917,-0.5735764363510463,0.0,840.0,-0.5000000000000001,-0.8660254037844386,0.0,80.0,0.34202014332566855,0.9396926207859083,0.0,12.8,8.3,17.2,3.3,6.699999999999999,0.0,0.0,0.0,1.0,0.0,810.0,-0.38268343236508967,-0.9238795325112868,1.0,-1.0,-0.017853580658448148,-0.3567052863729232,0.0,8.4,-0.6999999999999993,17.6,2.2,4.7,-6.938893903907228e-18,315.0,0.9807852804032304,0.19509032201612833,0.0,950.0,-0.8433914458128855,-0.5372996083468242,0.0,1153.0,-0.9496991262018771,0.31316380648374914,0.0,1.0,-1.7999999999999998,3.9000000000000004,0.6000000000000001,2.8,0.0,1439.0,-0.0043633092847465416,0.9999904807207345,0.0,970.0,-0.8870108331782215,-0.46174861323503436,1.0,-1.0,-0.4160614854700577,-0.419088747879013,0.0,6.0,0.0,12.1,1.1,2.8,0.0,490.0,0.8433914458128856,-0.537299608346824,0.0,950.0,-0.8433914458128855,-0.5372996083468242,0.0,1070.0,-0.9990482215818578,-0.04361938736533613,0.0,10.2,5.1,15.3,2.5,5.0,0.0,187.0,0.7283709698824002,0.6851829903263592,0.0,867.0,-0.5983246005706591,-0.8012538126910607,0.0,721.0,-0.004363309284746639,-0.9999904807207345,0.0,8.0,4.6,11.3,2.2,11.4,0.0,94.0,0.3987490689252462,0.917060074385124,0.9999999999999999,-1.0,-0.24726896204607396,-0.8486142941076797,0.0,59.0,0.2546019482055276,0.9670459389139431,0.0,2.8000000000000007,0.5,5.199999999999999,0.8,2.8,0.0,490.0,0.8433914458128856,-0.537299608346824,0.0,960.0,-0.8660254037844384,-0.5000000000000004,0.0,160.0,0.6427876096865395,0.7660444431189778,0.0,5.0,-1.5999999999999996,11.6,1.1,3.0999999999999996,0.0,530.0,0.7372773368101241,-0.6755902076156602,0.0,950.0,-0.8433914458128855,-0.5372996083468242,0.0,170.0,0.6755902076156602,0.737277336810124,0.0,0,1,0.49999999999999994,0.8660254037844387,0.10497000000000005,0.0018701604208836555,0.10372,0.10712,0.10407,0.10104166666666665,0.005093550497128001,0.0933,0.10712,0.10239000000000001,0.10334166666666667,0.0058548190459337315,0.0933,0.10977,0.105305,0.10057624999999999,0.005764758611411782,0.09246,0.10977,0.10074,0.09440333333333333,0.009860251522136482,0.06784,0.11088,0.095365,0.09505763888888889,0.016731552670895128,0.05635,0.12889,0.098295,0.11033202168949771,0.012340789017764996,0.05635,0.14414,0.11085500000000001,0.10491007
2020-01-01 03:00:00,0.10027,2020-01-01,7.199999999999999,0.8000000000000007,13.5,1.4,3.0999999999999996,2.0,0.0,450.0,0.9238795325112867,-0.3826834323650897,0.0,860.0,-0.5735764363510462,-0.8191520442889918,6.938893903907228e-18,360.0,0.9999999999999999,5.551115123125783e-17,0.0,0.9999999999999982,0.3000000000000007,1.8000000000000007,1.7000000000000002,5.6,0.0,370.0,0.9990482215818578,-0.04361938736533588,0.0,890.0,-0.6755902076156601,-0.7372773368101241,0.0,280.0,0.9396926207859084,0.3420201433256689,0.0,0.40000000000000036,-0.9000000000000004,1.6000000000000014,1.4,4.2,0.0,462.0,0.9025852843498607,-0.4305110968082948,0.0,759.0,-0.16934950384902459,-0.9855560590580777,1.0,-1.0,-0.28844838682927876,-0.44323055379825016,0.0,2.9000000000000004,-4.400000000000001,10.2,0.7999999999999998,3.0999999999999996,3.469446951953614e-18,500.0,0.8191520442889917,-0.5735764363510463,0.0,840.0,-0.5000000000000001,-0.8660254037844386,0.0,80.0,0.34202014332566855,0.9396926207859083,0.0,12.8,8.3,17.2,3.3,6.699999999999999,0.0,0.0,0.0,1.0,0.0,810.0,-0.38268343236508967,-0.9238795325112868,1.0,-1.0,-0.017853580658448148,-0.3567052863729232,0.0,8.4,-0.6999999999999993,17.6,2.2,4.7,-6.938893903907228e-18,315.0,0.9807852804032304,0.19509032201612833,0.0,950.0,-0.8433914458128855,-0.5372996083468242,0.0,1153.0,-0.9496991262018771,0.31316380648374914,0.0,1.0,-1.7999999999999998,3.9000000000000004,0.6000000000000001,2.8,0.0,1439.0,-0.0043633092847465416,0.9999904807207345,0.0,970.0,-0.8870108331782215,-0.46174861323503436,1.0,-1.0,-0.4160614854700577,-0.419088747879013,0.0,6.0,0.0,12.1,1.1,2.8,0.0,490.0,0.8433914458128856,-0.537299608346824,0.0,950.0,-0.8433914458128855,-0.5372996083468242,0.0,1070.0,-0.9990482215818578,-0.04361938736533613,0.0,10.2,5.1,15.3,2.5,5.0,0.0,187.0,0.7283709698824002,0.6851829903263592,0.0,867.0,-0.5983246005706591,-0.8012538126910607,0.0,721.0,-0.004363309284746639,-0.9999904807207345,0.0,8.0,4.6,11.3,2.2,11.4,0.0,94.0,0.3987490689252462,0.917060074385124,0.9999999999999999,-1.0,-0.24726896204607396,-0.8486142941076797,0.0,59.0,0.2546019482055276,0.9670459389139431,0.0,2.8000000000000007,0.5,5.199999999999999,0.8,2.8,0.0,490.0,0.8433914458128856,-0.537299608346824,0.0,960.0,-0.8660254037844384,-0.5000000000000004,0.0,160.0,0.6427876096865395,0.7660444431189778,0.0,5.0,-1.5999999999999996,11.6,1.1,3.0999999999999996,0.0,530.0,0.7372773368101241,-0.6755902076156602,0.0,950.0,-0.8433914458128855,-0.5372996083468242,0.0,170.0,0.6755902076156602,0.737277336810124,0.0,0,1,0.7071067811865475,0.7071067811865476,0.1026866666666667,0.002100198403285265,0.10027,0.10407,0.10372,0.10091,0.005103183320254817,0.0933,0.10712,0.101995,0.10254999999999999,0.005540420069406005,0.0933,0.10921,0.103895,0.10088208333333333,0.005531451558189707,0.09246,0.10977,0.10074,0.09459434523809523,0.009657960796892037,0.06784,0.11088,0.09542500000000001,0.09505713888888888,0.016731391295037965,0.05635,0.12889,0.098295,0.11032789383561643,0.012338105806679683,0.05635,0.14414,0.11085,0.10237133
2020-01-01 04:00:00,0.09881,2020-01-01,7.199999999999999,0.8000000000000007,13.5,1.4,3.0999999999999996,2.0,0.0,450.0,0.9238795325112867,-0.3826834323650897,0.0,860.0,-0.5735764363510462,-0.8191520442889918,6.938893903907228e-18,360.0,0.9999999999999999,5.551115123125783e-17,0.0,0.9999999999999982,0.3000000000000007,1.8000000000000007,1.7000000000000002,5.6,0.0,370.0,0.9990482215818578,-0.04361938736533588,0.0,890.0,-0.6755902076156601,-0.7372773368101241,0.0,280.0,0.9396926207859084,0.3420201433256689,0.0,0.40000000000000036,-0.9000000000000004,1.6000000000000014,1.4,4.2,0.0,462.0,0.9025852843498607,-0.4305110968082948,0.0,759.0,-0.16934950384902459,-0.9855560590580777,1.0,-1.0,-0.28844838682927876,-0.44323055379825016,0.0,2.9000000000000004,-4.400000000000001,10.2,0.7999999999999998,3.0999999999999996,3.469446951953614e-18,500.0,0.8191520442889917,-0.5735764363510463,0.0,840.0,-0.5000000000000001,-0.8660254037844386,0.0,80.0,0.34202014332566855,0.9396926207859083,0.0,12.8,8.3,17.2,3.3,6.699999999999999,0.0,0.0,0.0,1.0,0.0,810.0,-0.38268343236508967,-0.9238795325112868,1.0,-1.0,-0.017853580658448148,-0.3567052863729232,0.0,8.4,-0.6999999999999993,17.6,2.2,4.7,-6.938893903907228e-18,315.0,0.9807852804032304,0.19509032201612833,0.0,950.0,-0.8433914458128855,-0.5372996083468242,0.0,1153.0,-0.9496991262018771,0.31316380648374914,0.0,1.0,-1.7999999999999998,3.9000000000000004,0.6000000000000001,2.8,0.0,1439.0,-0.0043633092847465416,0.9999904807207345,0.0,970.0,-0.8870108331782215,-0.46174861323503436,1.0,-1.0,-0.4160614854700577,-0.419088747879013,0.0,6.0,0.0,12.1,1.1,2.8,0.0,490.0,0.8433914458128856,-0.537299608346824,0.0,950.0,-0.8433914458128855,-0.5372996083468242,0.0,1070.0,-0.9990482215818578,-0.04361938736533613,0.0,10.2,5.1,15.3,2.5,5.0,0.0,187.0,0.7283709698824002,0.6851829903263592,0.0,867.0,-0.5983246005706591,-0.8012538126910607,0.0,721.0,-0.004363309284746639,-0.9999904807207345,0.0,8.0,4.6,11.3,2.2,11.4,0.0,94.0,0.3987490689252462,0.917060074385124,0.9999999999999999,-1.0,-0.24726896204607396,-0.8486142941076797,0.0,59.0,0.2546019482055276,0.9670459389139431,0.0,2.8000000000000007,0.5,5.199999999999999,0.8,2.8,0.0,490.0,0.8433914458128856,-0.537299608346824,0.0,960.0,-0.8660254037844384,-0.5000000000000004,0.0,160.0,0.6427876096865395,0.7660444431189778,0.0,5.0,-1.5999999999999996,11.6,1.1,3.0999999999999996,0.0,530.0,0.7372773368101241,-0.6755902076156602,0.0,950.0,-0.8433914458128855,-0.5372996083468242,0.0,170.0,0.6755902076156602,0.737277336810124,0.0,0,1,0.8660254037844386,0.5000000000000001,0.09784333333333338,0.0008796211304525144,0.09709,0.09881,0.09763,0.09727833333333334,0.0016657901028683153,0.09408,0.09881,0.09779499999999999,0.09909416666666665,0.004086048231670478,0.0933,0.10712,0.09803,0.10048583333333334,0.005574882269506772,0.09246,0.10977,0.09953999999999999,0.0955177380952381,0.008561567774496672,0.06784,0.11088,0.096085,0.09495654166666667,0.01667766015083258,0.05635,0.12889,0.09803,0.110301850456621,0.012325389474566276,0.05635,0.14414,0.11083,0.09778249
2020-01-01 05:00:00,0.0981,2020-01-01,7.199999999999999,0.8000000000000007,13.5,1.4,3.0999999999999996,2.0,0.0,450.0,0.9238795325112867,-0.3826834323650897,0.0,860.0,-0.5735764363510462,-0.8191520442889918,6.938893903907228e-18,360.0,0.9999999999999999,5.551115123125783e-17,0.0,0.9999999999999982,0.3000000000000007,1.8000000000000007,1.7000000000000002,5.6,0.0,370.0,0.9990482215818578,-0.04361938736533588,0.0,890.0,-0.6755902076156601,-0.7372773368101241,0.0,280.0,0.9396926207859084,0.3420201433256689,0.0,0.40000000000000036,-0.9000000000000004,1.6000000000000014,1.4,4.2,0.0,462.0,0.9025852843498607,-0.4305110968082948,0.0,759.0,-0.16934950384902459,-0.9855560590580777,1.0,-1.0,-0.28844838682927876,-0.44323055379825016,0.0,2.9000000000000004,-4.400000000000001,10.2,0.7999999999999998,3.0999999999999996,3.469446951953614e-18,500.0,0.8191520442889917,-0.5735764363510463,0.0,840.0,-0.5000000000000001,-0.8660254037844386,0.0,80.0,0.34202014332566855,0.9396926207859083,0.0,12.8,8.3,17.2,3.3,6.699999999999999,0.0,0.0,0.0,1.0,0.0,810.0,-0.38268343236508967,-0.9238795325112868,1.0,-1.0,-0.017853580658448148,-0.3567052863729232,0.0,8.4,-0.6999999999999993,17.6,2.2,4.7,-6.938893903907228e-18,315.0,0.9807852804032304,0.19509032201612833,0.0,950.0,-0.8433914458128855,-0.5372996083468242,0.0,1153.0,-0.9496991262018771,0.31316380648374914,0.0,1.0,-1.7999999999999998,3.9000000000000004,0.6000000000000001,2.8,0.0,1439.0,-0.0043633092847465416,0.9999904807207345,0.0,970.0,-0.8870108331782215,-0.46174861323503436,1.0,-1.0,-0.4160614854700577,-0.419088747879013,0.0,6.0,0.0,12.1,1.1,2.8,0.0,490.0,0.8433914458128856,-0.537299608346824,0.0,950.0,-0.8433914458128855,-0.5372996083468242,0.0,1070.0,-0.9990482215818578,-0.04361938736533613,0.0,10.2,5.1,15.3,2.5,5.0,0.0,187.0,0.7283709698824002,0.6851829903263592,0.0,867.0,-0.5983246005706591,-0.8012538126910607,0.0,721.0,-0.004363309284746639,-0.9999904807207345,0.0,8.0,4.6,11.3,2.2,11.4,0.0,94.0,0.3987490689252462,0.917060074385124,0.9999999999999999,-1.0,-0.24726896204607396,-0.8486142941076797,0.0,59.0,0.2546019482055276,0.9670459389139431,0.0,2.8000000000000007,0.5,5.199999999999999,0.8,2.8,0.0,490.0,0.8433914458128856,-0.537299608346824,0.0,960.0,-0.8660254037844384,-0.5000000000000004,0.0,160.0,0.6427876096865395,0.7660444431189778,0.0,5.0,-1.5999999999999996,11.6,1.1,3.0999999999999996,0.0,530.0,0.7372773368101241,-0.6755902076156602,0.0,950.0,-0.8433914458128855,-0.5372996083468242,0.0,170.0,0.6755902076156602,0.737277336810124,0.0,0,1,0.9659258262890683,0.25881904510252074,0.09748333333333337,0.0031407377052432746,0.09408,0.10027,0.0981,0.10122666666666669,0.00470741401055737,0.09408,0.10712,0.101995,0.100535,0.005350988863584386,0.0933,0.10766,0.100665,0.10082416666666666,0.00557611046976602,0.09246,0.10977,0.10074,0.09488559523809524,0.00932166908947028,0.06784,0.11088,0.09555,0.09502429166666666,0.016717700913608007,0.05635,0.12889,0.09824,0.11031931392694064,0.012334968711286878,0.05635,0.14414,0.110845,0.09677501
2020-01-01 06:00:00,0.09796,2020-01-01,7.199999999999999,0.8000000000000007,13.5,1.4,3.0999999999999996,2.0,0.0,450.0,0.9238795325112867,-0.3826834323650897,0.0,860.0,-0.5735764363510462,-0.8191520442889918,6.938893903907228e-18,360.0,0.9999999999999999,5.551115123125783e-17,0.0,0.9999999999999982,0.3000000000000007,1.8000000000000007,1.7000000000000002,5.6,0.0,370.0,0.9990482215818578,-0.04361938736533588,0.0,890.0,-0.6755902076156601,-0.7372773368101241,0.0,280.0,0.9396926207859084,0.3420201433256689,0.0,0.40000000000000036,-0.9000000000000004,1.6000000000000014,1.4,4.2,0.0,462.0,0.9025852843498607,-0.4305110968082948,0.0,759.0,-0.16934950384902459,-0.9855560590580777,1.0,-1.0,-0.28844838682927876,-0.44323055379825016,0.0,2.9000000000000004,-4.400000000000001,10.2,0.7999999999999998,3.0999999999999996,3.469446951953614e-18,500.0,0.8191520442889917,-0.5735764363510463,0.0,840.0,-0.5000000000000001,-0.8660254037844386,0.0,80.0,0.34202014332566855,0.9396926207859083,0.0,12.8,8.3,17.2,3.3,6.699999999999999,0.0,0.0,0.0,1.0,0.0,810.0,-0.38268343236508967,-0.9238795325112868,1.0,-1.0,-0.017853580658448148,-0.3567052863729232,0.0,8.4,-0.6999999999999993,17.6,2.2,4.7,-6.938893903907228e-18,315.0,0.9807852804032304,0.19509032201612833,0.0,950.0,-0.8433914458128855,-0.5372996083468242,0.0,1153.0,-0.9496991262018771,0.31316380648374914,0.0,1.0,-1.7999999999999998,3.9000000000000004,0.6000000000000001,2.8,0.0,1439.0,-0.0043633092847465416,0.9999904807207345,0.0,970.0,-0.8870108331782215,-0.46174861323503436,1.0,-1.0,-0.4160614854700577,-0.419088747879013,0.0,6.0,0.0,12.1,1.1,2.8,0.0,490.0,0.8433914458128856,-0.537299608346824,0.0,950.0,-0.8433914458128855,-0.5372996083468242,0.0,1070.0,-0.9990482215818578,-0.04361938736533613,0.0,10.2,5.1,15.3,2.5,5.0,0.0,187.0,0.7283709698824002,0.6851829903263592,0.0,867.0,-0.5983246005706591,-0.8012538126910607,0.0,721.0,-0.004363309284746639,-0.9999904807207345,0.0,8.0,4.6,11.3,2.2,11.4,0.0,94.0,0.3987490689252462,0.917060074385124,0.9999999999999999,-1.0,-0.24726896204607396,-0.8486142941076797,0.0,59.0,0.2546019482055276,0.9670459389139431,0.0,2.8000000000000007,0.5,5.199999999999999,0.8,2.8,0.0,490.0,0.8433914458128856,-0.537299608346824,0.0,960.0,-0.8660254037844384,-0.5000000000000004,0.0,160.0,0.6427876096865395,0.7660444431189778,0.0,5.0,-1.5999999999999996,11.6,1.1,3.0999999999999996,0.0,530.0,0.7372773368101241,-0.6755902076156602,0.0,950.0,-0.8433914458128855,-0.5372996083468242,0.0,170.0,0.6755902076156602,0.737277336810124,0.0,0,1,1.0,6.123233995736766e-17,0.09671333333333337,0.0022816076203267446,0.09408,0.0981,0.09796,0.0997,0.003814556330706591,0.09408,0.10407,0.099185,0.09982,0.005039839463534937,0.0933,0.10766,0.099185,0.1007125,0.005606709683787883,0.09246,0.10977,0.100565,0.09504750000000001,0.009134464823116164,0.06784,0.11088,0.09564500000000001,0.09500261111111112,0.016703732407567205,0.05635,0.12889,0.09822,0.11031467808219178,0.012331980914274496,0.05635,0.14414,0.11084,0.09705597
2020-01-01 07:00:00,0.09763,2020-01-01,7.199999999999999,0.8000000000000007,13.5,1.4,3.0999999999999996,2.0,0.0,450.0,0.9238795325112867,-0.3826834323650897,0.0,860.0,-0.5735764363510462,-0.8191520442889918,6.938893903907228e-18,360.0,0.9999999999999999,5.551115123125783e-17,0.0,0.9999999999999982,0.3000000000000007,1.8000000000000007,1.7000000000000002,5.6,0.0,370.0,0.9990482215818578,-0.04361938736533588,0.0,890.0,-0.6755902076156601,-0.7372773368101241,0.0,280.0,0.9396926207859084,0.3420201433256689,0.0,0.40000000000000036,-0.9000000000000004,1.6000000000000014,1.4,4.2,0.0,462.0,0.9025852843498607,-0.4305110968082948,0.0,759.0,-0.16934950384902459,-0.9855560590580777,1.0,-1.0,-0.28844838682927876,-0.44323055379825016,0.0,2.9000000000000004,-4.400000000000001,10.2,0.7999999999999998,3.0999999999999996,3.469446951953614e-18,500.0,0.8191520442889917,-0.5735764363510463,0.0,840.0,-0.5000000000000001,-0.8660254037844386,0.0,80.0,0.34202014332566855,0.9396926207859083,0.0,12.8,8.3,17.2,3.3,6.699999999999999,0.0,0.0,0.0,1.0,0.0,810.0,-0.38268343236508967,-0.9238795325112868,1.0,-1.0,-0.017853580658448148,-0.3567052863729232,0.0,8.4,-0.6999999999999993,17.6,2.2,4.7,-6.938893903907228e-18,315.0,0.9807852804032304,0.19509032201612833,0.0,950.0,-0.8433914458128855,-0.5372996083468242,0.0,1153.0,-0.9496991262018771,0.31316380648374914,0.0,1.0,-1.7999999999999998,3.9000000000000004,0.6000000000000001,2.8,0.0,1439.0,-0.0043633092847465416,0.9999904807207345,0.0,970.0,-0.8870108331782215,-0.46174861323503436,1.0,-1.0,-0.4160614854700577,-0.419088747879013,0.0,6.0,0.0,12.1,1.1,2.8,0.0,490.0,0.8433914458128856,-0.537299608346824,0.0,950.0,-0.8433914458128855,-0.5372996083468242,0.0,1070.0,-0.9990482215818578,-0.04361938736533613,0.0,10.2,5.1,15.3,2.5,5.0,0.0,187.0,0.7283709698824002,0.6851829903263592,0.0,867.0,-0.5983246005706591,-0.8012538126910607,0.0,721.0,-0.004363309284746639,-0.9999904807207345,0.0,8.0,4.6,11.3,2.2,11.4,0.0,94.0,0.3987490689252462,0.917060074385124,0.9999999999999999,-1.0,-0.24726896204607396,-0.8486142941076797,0.0,59.0,0.2546019482055276,0.9670459389139431,0.0,2.8000000000000007,0.5,5.199999999999999,0.8,2.8,0.0,490.0,0.8433914458128856,-0.537299608346824,0.0,960.0,-0.8660254037844384,-0.5000000000000004,0.0,160.0,0.6427876096865395,0.7660444431189778,0.0,5.0,-1.5999999999999996,11.6,1.1,3.0999999999999996,0.0,530.0,0.7372773368101241,-0.6755902076156602,0.0,950.0,-0.8433914458128855,-0.5372996083468242,0.0,170.0,0.6755902076156602,0.737277336810124,0.0,0,1,0.9659258262890683,-0.25881904510252063,0.0978966666666667,0.00024131583690016807,0.09763,0.0981,0.09796,0.09862666666666668,0.0031946809960943594,0.09408,0.10372,0.09803,0.10016249999999999,0.0047010465469282435,0.0933,0.10766,0.099185,0.10057875000000001,0.00564171444224593,0.09246,0.10977,0.10028000000000001,0.09519416666666666,0.008974595843760255,0.06784,0.11088,0.09578500000000001,0.09498176388888889,0.016691051172253325,0.05635,0.12889,0.098155,0.11031070776255707,0.012330465115927187,0.05635,0.14414,0.11083499999999999,0.09815003
2020-01-01 08:00:00,0.09709,2020-01-01,7.199999999999999,0.8000000000000007,13.5,1.4,3.0999999999999996,2.0,0.0,450.0,0.9238795325112867,-0.3826834323650897,0.0,860.0,-0.5735764363510462,-0.8191520442889918,6.938893903907228e-18,360.0,0.9999999999999999,5.551115123125783e-17,0.0,0.9999999999999982,0.3000000000000007,1.8000000000000007,1.7000000000000002,5.6,0.0,370.0,0.9990482215818578,-0.04361938736533588,0.0,890.0,-0.6755902076156601,-0.7372773368101241,0.0,280.0,0.9396926207859084,0.3420201433256689,0.0,0.40000000000000036,-0.9000000000000004,1.6000000000000014,1.4,4.2,0.0,462.0,0.9025852843498607,-0.4305110968082948,0.0,759.0,-0.16934950384902459,-0.9855560590580777,1.0,-1.0,-0.28844838682927876,-0.44323055379825016,0.0,2.9000000000000004,-4.400000000000001,10.2,0.7999999999999998,3.0999999999999996,3.469446951953614e-18,500.0,0.8191520442889917,-0.5735764363510463,0.0,840.0,-0.5000000000000001,-0.8660254037844386,0.0,80.0,0.34202014332566855,0.9396926207859083,0.0,12.8,8.3,17.2,3.3,6.699999999999999,0.0,0.0,0.0,1.0,0.0,810.0,-0.38268343236508967,-0.9238795325112868,1.0,-1.0,-0.017853580658448148,-0.3567052863729232,0.0,8.4,-0.6999999999999993,17.6,2.2,4.7,-6.938893903907228e-18,315.0,0.9807852804032304,0.19509032201612833,0.0,950.0,-0.8433914458128855,-0.5372996083468242,0.0,1153.0,-0.9496991262018771,0.31316380648374914,0.0,1.0,-1.7999999999999998,3.9000000000000004,0.6000000000000001,2.8,0.0,1439.0,-0.0043633092847465416,0.9999904807207345,0.0,970.0,-0.8870108331782215,-0.46174861323503436,1.0,-1.0,-0.4160614854700577,-0.419088747879013,0.0,6.0,0.0,12.1,1.1,2.8,0.0,490.0,0.8433914458128856,-0.537299608346824,0.0,950.0,-0.8433914458128855,-0.5372996083468242,0.0,1070.0,-0.9990482215818578,-0.04361938736533613,0.0,10.2,5.1,15.3,2.5,5.0,0.0,187.0,0.7283709698824002,0.6851829903263592,0.0,867.0,-0.5983246005706591,-0.8012538126910607,0.0,721.0,-0.004363309284746639,-0.9999904807207345,0.0,8.0,4.6,11.3,2.2,11.4,0.0,94.0,0.3987490689252462,0.917060074385124,0.9999999999999999,-1.0,-0.24726896204607396,-0.8486142941076797,0.0,59.0,0.2546019482055276,0.9670459389139431,0.0,2.8000000000000007,0.5,5.199999999999999,0.8,2.8,0.0,490.0,0.8433914458128856,-0.537299608346824,0.0,960.0,-0.8660254037844384,-0.5000000000000004,0.0,160.0,0.6427876096865395,0.7660444431189778,0.0,5.0,-1.5999999999999996,11.6,1.1,3.0999999999999996,0.0,530.0,0.7372773368101241,-0.6755902076156602,0.0,950.0,-0.8433914458128855,-0.5372996083468242,0.0,170.0,0.6755902076156602,0.737277336810124,0.0,0,1,0.8660254037844387,-0.4999999999999998,0.09756000000000004,0.00043920382489665114,0.09709,0.09796,0.09763,0.09752166666666666,0.002006144727284814,0.09408,0.10027,0.09779499999999999,0.09928166666666667,0.004123277234377703,0.0933,0.10712,0.09803,0.10034124999999999,0.005664510656559978,0.09246,0.10977,0.099185,0.09533422619047618,0.008817173056879145,0.06784,0.11088,0.09596,0.09496104166666669,0.016679138391022825,0.05635,0.12889,0.09803,0.1103060011415525,0.012327641121129801,0.05635,0.14414,0.11083,0.097579494
2020-01-01 09:00:00,0.09698,2020-01-01,7.199999999999999,0.8000000000000007,13.5,1.4,3.0999999999999996,2.0,0.0,450.0,0.9238795325112867,-0.3826834323650897,0.0,860.0,-0.5735764363510462,-0.8191520442889918,6.938893903907228e-18,360.0,0.9999999999999999,5.551115123125783e-17,0.0,0.9999999999999982,0.3000000000000007,1.8000000000000007,1.7000000000000002,5.6,0.0,370.0,0.9990482215818578,-0.04361938736533588,0.0,890.0,-0.6755902076156601,-0.7372773368101241,0.0,280.0,0.9396926207859084,0.3420201433256689,0.0,0.40000000000000036,-0.9000000000000004,1.6000000000000014,1.4,4.2,0.0,462.0,0.9025852843498607,-0.4305110968082948,0.0,759.0,-0.16934950384902459,-0.9855560590580777,1.0,-1.0,-0.28844838682927876,-0.44323055379825016,0.0,2.9000000000000004,-4.400000000000001,10.2,0.7999999999999998,3.0999999999999996,3.469446951953614e-18,500.0,0.8191520442889917,-0.5735764363510463,0.0,840.0,-0.5000000000000001,-0.8660254037844386,0.0,80.0,0.34202014332566855,0.9396926207859083,0.0,12.8,8.3,17.2,3.3,6.699999999999999,0.0,0.0,0.0,1.0,0.0,810.0,-0.38268343236508967,-0.9238795325112868,1.0,-1.0,-0.017853580658448148,-0.3567052863729232,0.0,8.4,-0.6999999999999993,17.6,2.2,4.7,-6.938893903907228e-18,315.0,0.9807852804032304,0.19509032201612833,0.0,950.0,-0.8433914458128855,-0.5372996083468242,0.0,1153.0,-0.9496991262018771,0.31316380648374914,0.0,1.0,-1.7999999999999998,3.9000000000000004,0.6000000000000001,2.8,0.0,1439.0,-0.0043633092847465416,0.9999904807207345,0.0,970.0,-0.8870108331782215,-0.46174861323503436,1.0,-1.0,-0.4160614854700577,-0.419088747879013,0.0,6.0,0.0,12.1,1.1,2.8,0.0,490.0,0.8433914458128856,-0.537299608346824,0.0,950.0,-0.8433914458128855,-0.5372996083468242,0.0,1070.0,-0.9990482215818578,-0.04361938736533613,0.0,10.2,5.1,15.3,2.5,5.0,0.0,187.0,0.7283709698824002,0.6851829903263592,0.0,867.0,-0.5983246005706591,-0.8012538126910607,0.0,721.0,-0.004363309284746639,-0.9999904807207345,0.0,8.0,4.6,11.3,2.2,11.4,0.0,94.0,0.3987490689252462,0.917060074385124,0.9999999999999999,-1.0,-0.24726896204607396,-0.8486142941076797,0.0,59.0,0.2546019482055276,0.9670459389139431,0.0,2.8000000000000007,0.5,5.199999999999999,0.8,2.8,0.0,490.0,0.8433914458128856,-0.537299608346824,0.0,960.0,-0.8660254037844384,-0.5000000000000004,0.0,160.0,0.6427876096865395,0.7660444431189778,0.0,5.0,-1.5999999999999996,11.6,1.1,3.0999999999999996,0.0,530.0,0.7372773368101241,-0.6755902076156602,0.0,950.0,-0.8433914458128855,-0.5372996083468242,0.0,170.0,0.6755902076156602,0.737277336810124,0.0,0,1,0.7071067811865476,-0.7071067811865475,0.09711333333333337,0.003881717832755902,0.0933,0.10106,0.09698,0.09984333333333334,0.006299592579429216,0.0933,0.10766,0.09902,0.10223750000000002,0.006192523534658149,0.0933,0.10977,0.103395,0.09944666666666667,0.005680974860210282,0.09246,0.10977,0.098575,0.09381511904761905,0.010192312647846135,0.06784,0.11088,0.09506500000000001,0.09503937500000001,0.016722902504535817,0.05635,0.12889,0.098295,0.11034501712328768,0.012355086919240529,0.05635,0.14414,0.11086,0.09752394
2020-01-01 10:00:00,0.09408,2020-01-01,7.199999999999999,0.8000000000000007,13.5,1.4,3.0999999999999996,2.0,0.0,450.0,0.9238795325112867,-0.3826834323650897,0.0,860.0,-0.5735764363510462,-0.8191520442889918,6.938893903907228e-18,360.0,0.9999999999999999,5.551115123125783e-17,0.0,0.9999999999999982,0.3000000000000007,1.8000000000000007,1.7000000000000002,5.6,0.0,370.0,0.9990482215818578,-0.04361938736533588,0.0,890.0,-0.6755902076156601,-0.7372773368101241,0.0,280.0,0.9396926207859084,0.3420201433256689,0.0,0.40000000000000036,-0.9000000000000004,1.6000000000000014,1.4,4.2,0.0,462.0,0.9025852843498607,-0.4305110968082948,0.0,759.0,-0.16934950384902459,-0.9855560590580777,1.0,-1.0,-0.28844838682927876,-0.44323055379825016,0.0,2.9000000000000004,-4.400000000000001,10.2,0.7999999999999998,3.0999999999999996,3.469446951953614e-18,500.0,0.8191520442889917,-0.5735764363510463,0.0,840.0,-0.5000000000000001,-0.8660254037844386,0.0,80.0,0.34202014332566855,0.9396926207859083,0.0,12.8,8.3,17.2,3.3,6.699999999999999,0.0,0.0,0.0,1.0,0.0,810.0,-0.38268343236508967,-0.9238795325112868,1.0,-1.0,-0.017853580658448148,-0.3567052863729232,0.0,8.4,-0.6999999999999993,17.6,2.2,4.7,-6.938893903907228e-18,315.0,0.9807852804032304,0.19509032201612833,0.0,950.0,-0.8433914458128855,-0.5372996083468242,0.0,1153.0,-0.9496991262018771,0.31316380648374914,0.0,1.0,-1.7999999999999998,3.9000000000000004,0.6000000000000001,2.8,0.0,1439.0,-0.0043633092847465416,0.9999904807207345,0.0,970.0,-0.8870108331782215,-0.46174861323503436,1.0,-1.0,-0.4160614854700577,-0.419088747879013,0.0,6.0,0.0,12.1,1.1,2.8,0.0,490.0,0.8433914458128856,-0.537299608346824,0.0,950.0,-0.8433914458128855,-0.5372996083468242,0.0,1070.0,-0.9990482215818578,-0.04361938736533613,0.0,10.2,5.1,15.3,2.5,5.0,0.0,187.0,0.7283709698824002,0.6851829903263592,0.0,867.0,-0.5983246005706591,-0.8012538126910607,0.0,721.0,-0.004363309284746639,-0.9999904807207345,0.0,8.0,4.6,11.3,2.2,11.4,0.0,94.0,0.3987490689252462,0.917060074385124,0.9999999999999999,-1.0,-0.24726896204607396,-0.8486142941076797,0.0,59.0,0.2546019482055276,0.9670459389139431,0.0,2.8000000000000007,0.5,5.199999999999999,0.8,2.8,0.0,490.0,0.8433914458128856,-0.537299608346824,0.0,960.0,-0.8660254037844384,-0.5000000000000004,0.0,160.0,0.6427876096865395,0.7660444431189778,0.0,5.0,-1.5999999999999996,11.6,1.1,3.0999999999999996,0.0,530.0,0.7372773368101241,-0.6755902076156602,0.0,950.0,-0.8433914458128855,-0.5372996083468242,0.0,170.0,0.6755902076156602,0.737277336810124,0.0,0,1,0.49999999999999994,-0.8660254037844387,0.0993566666666667,0.004884468582470964,0.09408,0.10372,0.10027,0.10104,0.004875403573051796,0.09408,0.10712,0.101995,0.10146083333333333,0.005830985349967659,0.0933,0.10921,0.10239000000000001,0.10068125,0.0056917242077020695,0.09246,0.10977,0.10074,0.09471535714285714,0.009521624986661184,0.06784,0.11088,0.09542500000000001,0.09503513888888888,0.016722232483420498,0.05635,0.12889,0.09827,0.11032328881278539,0.012336640822656121,0.05635,0.14414,0.11085,0.10042387
2020-01-01 11:00:00,0.0933,2020-01-01,7.199999999999999,0.8000000000000007,13.5,1.4,3.0999999999999996,2.0,0.0,450.0,0.9238795325112867,-0.3826834323650897,0.0,860.0,-0.5735764363510462,-0.8191520442889918,6.938893903907228e-18,360.0,0.9999999999999999,5.551115123125783e-17,0.0,0.9999999999999982,0.3000000000000007,1.8000000000000007,1.7000000000000002,5.6,0.0,370.0,0.9990482215818578,-0.04361938736533588,0.0,890.0,-0.6755902076156601,-0.7372773368101241,0.0,280.0,0.9396926207859084,0.3420201433256689,0.0,0.40000000000000036,-0.9000000000000004,1.6000000000000014,1.4,4.2,0.0,462.0,0.9025852843498607,-0.4305110968082948,0.0,759.0,-0.16934950384902459,-0.9855560590580777,1.0,-1.0,-0.28844838682927876,-0.44323055379825016,0.0,2.9000000000000004,-4.400000000000001,10.2,0.7999999999999998,3.0999999999999996,3.469446951953614e-18,500.0,0.8191520442889917,-0.5735764363510463,0.0,840.0,-0.5000000000000001,-0.8660254037844386,0.0,80.0,0.34202014332566855,0.9396926207859083,0.0,12.8,8.3,17.2,3.3,6.699999999999999,0.0,0.0,0.0,1.0,0.0,810.0,-0.38268343236508967,-0.9238795325112868,1.0,-1.0,-0.017853580658448148,-0.3567052863729232,0.0,8.4,-0.6999999999999993,17.6,2.2,4.7,-6.938893903907228e-18,315.0,0.9807852804032304,0.19509032201612833,0.0,950.0,-0.8433914458128855,-0.5372996083468242,0.0,1153.0,-0.9496991262018771,0.31316380648374914,0.0,1.0,-1.7999999999999998,3.9000000000000004,0.6000000000000001,2.8,0.0,1439.0,-0.0043633092847465416,0.9999904807207345,0.0,970.0,-0.8870108331782215,-0.46174861323503436,1.0,-1.0,-0.4160614854700577,-0.419088747879013,0.0,6.0,0.0,12.1,1.1,2.8,0.0,490.0,0.8433914458128856,-0.537299608346824,0.0,950.0,-0.8433914458128855,-0.5372996083468242,0.0,1070.0,-0.9990482215818578,-0.04361938736533613,0.0,10.2,5.1,15.3,2.5,5.0,0.0,187.0,0.7283709698824002,0.6851829903263592,0.0,867.0,-0.5983246005706591,-0.8012538126910607,0.0,721.0,-0.004363309284746639,-0.9999904807207345,0.0,8.0,4.6,11.3,2.2,11.4,0.0,94.0,0.3987490689252462,0.917060074385124,0.9999999999999999,-1.0,-0.24726896204607396,-0.8486142941076797,0.0,59.0,0.2546019482055276,0.9670459389139431,0.0,2.8000000000000007,0.5,5.199999999999999,0.8,2.8,0.0,490.0,0.8433914458128856,-0.537299608346824,0.0,960.0,-0.8660254037844384,-0.5000000000000004,0.0,160.0,0.6427876096865395,0.7660444431189778,0.0,5.0,-1.5999999999999996,11.6,1.1,3.0999999999999996,0.0,530.0,0.7372773368101241,-0.6755902076156602,0.0,950.0,-0.8433914458128855,-0.5372996083468242,0.0,170.0,0.6755902076156602,0.737277336810124,0.0,0,1,0.258819045102521,-0.9659258262890682,0.10067333333333338,0.007187804486291512,0.0933,0.10766,0.10106,0.10188166666666666,0.0071138074662439425,0.0933,0.10921,0.1038,0.10194750000000001,0.006533231311048056,0.0933,0.10977,0.103395,0.09962249999999999,0.005666597974862669,0.09246,0.10977,0.099595,0.09368833333333333,0.010284767567238857,0.06784,0.11088,0.094775,0.09505472222222223,0.016729755056013217,0.05635,0.12889,0.0983,0.11034932534246576,0.012357005825850753,0.05635,0.14414,0.11086499999999999,0.10116679
2020-01-01 12:00:00,0.09352,2020-01-01,7.199999999999999,0.8000000000000007,13.5,1.4,3.0999999999999996,2.0,0.0,450.0,0.9238795325112867,-0.3826834323650897,0.0,860.0,-0.5735764363510462,-0.8191520442889918,6.938893903907228e-18,360.0,0.9999999999999999,5.551115123125783e-17,0.0,0.9999999999999982,0.3000000000000007,1.8000000000000007,1.7000000000000002,5.6,0.0,370.0,0.9990482215818578,-0.04361938736533588,0.0,890.0,-0.6755902076156601,-0.7372773368101241,0.0,280.0,0.9396926207859084,0.3420201433256689,0.0,0.40000000000000036,-0.9000000000000004,1.6000000000000014,1.4,4.2,0.0,462.0,0.9025852843498607,-0.4305110968082948,0.0,759.0,-0.16934950384902459,-0.9855560590580777,1.0,-1.0,-0.28844838682927876,-0.44323055379825016,0.0,2.9000000000000004,-4.400000000000001,10.2,0.7999999999999998,3.0999999999999996,3.469446951953614e-18,500.0,0.8191520442889917,-0.5735764363510463,0.0,840.0,-0.5000000000000001,-0.8660254037844386,0.0,80.0,0.34202014332566855,0.9396926207859083,0.0,12.8,8.3,17.2,3.3,6.699999999999999,0.0,0.0,0.0,1.0,0.0,810.0,-0.38268343236508967,-0.9238795325112868,1.0,-1.0,-0.017853580658448148,-0.3567052863729232,0.0,8.4,-0.6999999999999993,17.6,2.2,4.7,-6.938893903907228e-18,315.0,0.9807852804032304,0.19509032201612833,0.0,950.0,-0.8433914458128855,-0.5372996083468242,0.0,1153.0,-0.9496991262018771,0.31316380648374914,0.0,1.0,-1.7999999999999998,3.9000000000000004,0.6000000000000001,2.8,0.0,1439.0,-0.0043633092847465416,0.9999904807207345,0.0,970.0,-0.8870108331782215,-0.46174861323503436,1.0,-1.0,-0.4160614854700577,-0.419088747879013,0.0,6.0,0.0,12.1,1.1,2.8,0.0,490.0,0.8433914458128856,-0.537299608346824,0.0,950.0,-0.8433914458128855,-0.5372996083468242,0.0,1070.0,-0.9990482215818578,-0.04361938736533613,0.0,10.2,5.1,15.3,2.5,5.0,0.0,187.0,0.7283709698824002,0.6851829903263592,0.0,867.0,-0.5983246005706591,-0.8012538126910607,0.0,721.0,-0.004363309284746639,-0.9999904807207345,0.0,8.0,4.6,11.3,2.2,11.4,0.0,94.0,0.3987490689252462,0.917060074385124,0.9999999999999999,-1.0,-0.24726896204607396,-0.8486142941076797,0.0,59.0,0.2546019482055276,0.9670459389139431,0.0,2.8000000000000007,0.5,5.199999999999999,0.8,2.8,0.0,490.0,0.8433914458128856,-0.537299608346824,0.0,960.0,-0.8660254037844384,-0.5000000000000004,0.0,160.0,0.6427876096865395,0.7660444431189778,0.0,5.0,-1.5999999999999996,11.6,1.1,3.0999999999999996,0.0,530.0,0.7372773368101241,-0.6755902076156602,0.0,950.0,-0.8433914458128855,-0.5372996083468242,0.0,170.0,0.6755902076156602,0.737277336810124,0.0,0,1,1.2246467991473532e-16,-1.0,0.10309000000000006,0.008394694753225428,0.09352,0.10921,0.10654,0.10531999999999998,0.0059863177329725695,0.09352,0.10977,0.106845,0.100995,0.00663879164799415,0.09246,0.10977,0.10154,0.09951416666666667,0.005288232150292248,0.09246,0.10977,0.09925,0.09331184523809524,0.010405722149898437,0.06784,0.11088,0.094625,0.09508662500000001,0.016743942026117536,0.05635,0.12889,0.09839,0.11036259132420091,0.012367064030017992,0.05635,0.14414,0.11088,0.10277323
2020-01-01 13:00:00,0.09246,2020-01-01,7.199999999999999,0.8000000000000007,13.5,1.4,3.0999999999999996,2.0,0.0,450.0,0.9238795325112867,-0.3826834323650897,0.0,860.0,-0.5735764363510462,-0.8191520442889918,6.938893903907228e-18,360.0,0.9999999999999999,5.551115123125783e-17,0.0,0.9999999999999982,0.3000000000000007,1.8000000000000007,1.7000000000000002,5.6,0.0,370.0,0.9990482215818578,-0.04361938736533588,0.0,890.0,-0.6755902076156601,-0.7372773368101241,0.0,280.0,0.9396926207859084,0.3420201433256689,0.0,0.40000000000000036,-0.9000000000000004,1.6000000000000014,1.4,4.2,0.0,462.0,0.9025852843498607,-0.4305110968082948,0.0,759.0,-0.16934950384902459,-0.9855560590580777,1.0,-1.0,-0.28844838682927876,-0.44323055379825016,0.0,2.9000000000000004,-4.400000000000001,10.2,0.7999999999999998,3.0999999999999996,3.469446951953614e-18,500.0,0.8191520442889917,-0.5735764363510463,0.0,840.0,-0.5000000000000001,-0.8660254037844386,0.0,80.0,0.34202014332566855,0.9396926207859083,0.0,12.8,8.3,17.2,3.3,6.699999999999999,0.0,0.0,0.0,1.0,0.0,810.0,-0.38268343236508967,-0.9238795325112868,1.0,-1.0,-0.017853580658448148,-0.3567052863729232,0.0,8.4,-0.6999999999999993,17.6,2.2,4.7,-6.938893903907228e-18,315.0,0.9807852804032304,0.19509032201612833,0.0,950.0,-0.8433914458128855,-0.5372996083468242,0.0,1153.0,-0.9496991262018771,0.31316380648374914,0.0,1.0,-1.7999999999999998,3.9000000000000004,0.6000000000000001,2.8,0.0,1439.0,-0.0043633092847465416,0.9999904807207345,0.0,970.0,-0.8870108331782215,-0.46174861323503436,1.0,-1.0,-0.4160614854700577,-0.419088747879013,0.0,6.0,0.0,12.1,1.1,2.8,0.0,490.0,0.8433914458128856,-0.537299608346824,0.0,950.0,-0.8433914458128855,-0.5372996083468242,0.0,1070.0,-0.9990482215818578,-0.04361938736533613,0.0,10.2,5.1,15.3,2.5,5.0,0.0,187.0,0.7283709698824002,0.6851829903263592,0.0,867.0,-0.5983246005706591,-0.8012538126910607,0.0,721.0,-0.004363309284746639,-0.9999904807207345,0.0,8.0,4.6,11.3,2.2,11.4,0.0,94.0,0.3987490689252462,0.917060074385124,0.9999999999999999,-1.0,-0.24726896204607396,-0.8486142941076797,0.0,59.0,0.2546019482055276,0.9670459389139431,0.0,2.8000000000000007,0.5,5.199999999999999,0.8,2.8,0.0,490.0,0.8433914458128856,-0.537299608346824,0.0,960.0,-0.8660254037844384,-0.5000000000000004,0.0,160.0,0.6427876096865395,0.7660444431189778,0.0,5.0,-1.5999999999999996,11.6,1.1,3.0999999999999996,0.0,530.0,0.7372773368101241,-0.6755902076156602,0.0,950.0,-0.8433914458128855,-0.5372996083468242,0.0,170.0,0.6755902076156602,0.737277336810124,0.0,0,1,-0.2588190451025208,-0.9659258262890683,0.09686333333333337,0.00533081919906634,0.09246,0.10279,0.09534,0.09779,0.004161028718976194,0.09246,0.10279,0.09799,0.0972975,0.003558452485411524,0.09246,0.10279,0.09682,0.09967333333333334,0.004518114907664756,0.09246,0.1093,0.09997,0.09225005952380953,0.010531193954351472,0.06784,0.11088,0.09356500000000001,0.09518181944444443,0.01679476729540832,0.05635,0.12889,0.09862499999999999,0.11039872716894977,0.012393602731409286,0.05635,0.14414,0.11091,0.09798224
2020-01-01 14:00:00,0.0935,2020-01-01,7.199999999999999,0.8000000000000007,13.5,1.4,3.0999999999999996,2.0,0.0,450.0,0.9238795325112867,-0.3826834323650897,0.0,860.0,-0.5735764363510462,-0.8191520442889918,6.938893903907228e-18,360.0,0.9999999999999999,5.551115123125783e-17,0.0,0.9999999999999982,0.3000000000000007,1.8000000000000007,1.7000000000000002,5.6,0.0,370.0,0.9990482215818578,-0.04361938736533588,0.0,890.0,-0.6755902076156601,-0.7372773368101241,0.0,280.0,0.9396926207859084,0.3420201433256689,0.0,0.40000000000000036,-0.9000000000000004,1.6000000000000014,1.4,4.2,0.0,462.0,0.9025852843498607,-0.4305110968082948,0.0,759.0,-0.16934950384902459,-0.9855560590580777,1.0,-1.0,-0.28844838682927876,-0.44323055379825016,0.0,2.9000000000000004,-4.400000000000001,10.2,0.7999999999999998,3.0999999999999996,3.469446951953614e-18,500.0,0.8191520442889917,-0.5735764363510463,0.0,840.0,-0.5000000000000001,-0.8660254037844386,0.0,80.0,0.34202014332566855,0.9396926207859083,0.0,12.8,8.3,17.2,3.3,6.699999999999999,0.0,0.0,0.0,1.0,0.0,810.0,-0.38268343236508967,-0.9238795325112868,1.0,-1.0,-0.017853580658448148,-0.3567052863729232,0.0,8.4,-0.6999999999999993,17.6,2.2,4.7,-6.938893903907228e-18,315.0,0.9807852804032304,0.19509032201612833,0.0,950.0,-0.8433914458128855,-0.5372996083468242,0.0,1153.0,-0.9496991262018771,0.31316380648374914,0.0,1.0,-1.7999999999999998,3.9000000000000004,0.6000000000000001,2.8,0.0,1439.0,-0.0043633092847465416,0.9999904807207345,0.0,970.0,-0.8870108331782215,-0.46174861323503436,1.0,-1.0,-0.4160614854700577,-0.419088747879013,0.0,6.0,0.0,12.1,1.1,2.8,0.0,490.0,0.8433914458128856,-0.537299608346824,0.0,950.0,-0.8433914458128855,-0.5372996083468242,0.0,1070.0,-0.9990482215818578,-0.04361938736533613,0.0,10.2,5.1,15.3,2.5,5.0,0.0,187.0,0.7283709698824002,0.6851829903263592,0.0,867.0,-0.5983246005706591,-0.8012538126910607,0.0,721.0,-0.004363309284746639,-0.9999904807207345,0.0,8.0,4.6,11.3,2.2,11.4,0.0,94.0,0.3987490689252462,0.917060074385124,0.9999999999999999,-1.0,-0.24726896204607396,-0.8486142941076797,0.0,59.0,0.2546019482055276,0.9670459389139431,0.0,2.8000000000000007,0.5,5.199999999999999,0.8,2.8,0.0,490.0,0.8433914458128856,-0.537299608346824,0.0,960.0,-0.8660254037844384,-0.5000000000000004,0.0,160.0,0.6427876096865395,0.7660444431189778,0.0,5.0,-1.5999999999999996,11.6,1.1,3.0999999999999996,0.0,530.0,0.7372773368101241,-0.6755902076156602,0.0,950.0,-0.8433914458128855,-0.5372996083468242,0.0,170.0,0.6755902076156602,0.737277336810124,0.0,0,1,-0.4999999999999997,-0.8660254037844388,0.0937666666666667,0.001458400950740015,0.09246,0.09534,0.0935,0.09759499999999999,0.00435918226278115,0.09246,0.10279,0.09799,0.09665583333333333,0.0034842384281597,0.09246,0.10279,0.095365,0.0993875,0.004686637108986233,0.09246,0.1093,0.09925,0.09225107142857143,0.010531306510076874,0.06784,0.11088,0.09356500000000001,0.09516443055555555,0.01679001087914888,0.05635,0.12889,0.098585,0.11039415410958905,0.012392446307570165,0.05635,0.14414,0.110905,0.09468384
2020-01-01 15:00:00,0.09564,2020-01-01,7.199999999999999,0.8000000000000007,13.5,1.4,3.0999999999999996,2.0,0.0,450.0,0.9238795325112867,-0.3826834323650897,0.0,860.0,-0.5735764363510462,-0.8191520442889918,6.938893903907228e-18,360.0,0.9999999999999999,5.551115123125783e-17,0.0,0.9999999999999982,0.3000000000000007,1.8000000000000007,1.7000000000000002,5.6,0.0,370.0,0.9990482215818578,-0.04361938736533588,0.0,890.0,-0.6755902076156601,-0.7372773368101241,0.0,280.0,0.9396926207859084,0.3420201433256689,0.0,0.40000000000000036,-0.9000000000000004,1.6000000000000014,1.4,4.2,0.0,462.0,0.9025852843498607,-0.4305110968082948,0.0,759.0,-0.16934950384902459,-0.9855560590580777,1.0,-1.0,-0.28844838682927876,-0.44323055379825016,0.0,2.9000000000000004,-4.400000000000001,10.2,0.7999999999999998,3.0999999999999996,3.469446951953614e-18,500.0,0.8191520442889917,-0.5735764363510463,0.0,840.0,-0.5000000000000001,-0.8660254037844386,0.0,80.0,0.34202014332566855,0.9396926207859083,0.0,12.8,8.3,17.2,3.3,6.699999999999999,0.0,0.0,0.0,1.0,0.0,810.0,-0.38268343236508967,-0.9238795325112868,1.0,-1.0,-0.017853580658448148,-0.3567052863729232,0.0,8.4,-0.6999999999999993,17.6,2.2,4.7,-6.938893903907228e-18,315.0,0.9807852804032304,0.19509032201612833,0.0,950.0,-0.8433914458128855,-0.5372996083468242,0.0,1153.0,-0.9496991262018771,0.31316380648374914,0.0,1.0,-1.7999999999999998,3.9000000000000004,0.6000000000000001,2.8,0.0,1439.0,-0.0043633092847465416,0.9999904807207345,0.0,970.0,-0.8870108331782215,-0.46174861323503436,1.0,-1.0,-0.4160614854700577,-0.419088747879013,0.0,6.0,0.0,12.1,1.1,2.8,0.0,490.0,0.8433914458128856,-0.537299608346824,0.0,950.0,-0.8433914458128855,-0.5372996083468242,0.0,1070.0,-0.9990482215818578,-0.04361938736533613,0.0,10.2,5.1,15.3,2.5,5.0,0.0,187.0,0.7283709698824002,0.6851829903263592,0.0,867.0,-0.5983246005706591,-0.8012538126910607,0.0,721.0,-0.004363309284746639,-0.9999904807207345,0.0,8.0,4.6,11.3,2.2,11.4,0.0,94.0,0.3987490689252462,0.917060074385124,0.9999999999999999,-1.0,-0.24726896204607396,-0.8486142941076797,0.0,59.0,0.2546019482055276,0.9670459389139431,0.0,2.8000000000000007,0.5,5.199999999999999,0.8,2.8,0.0,490.0,0.8433914458128856,-0.537299608346824,0.0,960.0,-0.8660254037844384,-0.5000000000000004,0.0,160.0,0.6427876096865395,0.7660444431189778,0.0,5.0,-1.5999999999999996,11.6,1.1,3.0999999999999996,0.0,530.0,0.7372773368101241,-0.6755902076156602,0.0,950.0,-0.8433914458128855,-0.5372996083468242,0.0,170.0,0.6755902076156602,0.737277336810124,0.0,0,1,-0.7071067811865471,-0.7071067811865479,0.09386666666666671,0.0016213985731830015,0.09246,0.09564,0.0935,0.09676166666666668,0.00413269121358192,0.09246,0.10279,0.09548999999999999,0.09643833333333335,0.0034570345498432945,0.09246,0.10279,0.095365,0.09919166666666666,0.004742963361580841,0.09246,0.1093,0.098575,0.09227428571428573,0.010534471136294422,0.06784,0.11088,0.093725,0.09514990277777778,0.01678506017010257,0.05635,0.12889,0.09853,0.11038980707762558,0.0123909418897411,0.05635,0.14414,0.1109,0.094614424
2020-01-01 16:00:00,0.10029,2020-01-01,7.199999999999999,0.8000000000000007,13.5,1.4,3.0999999999999996,2.0,0.0,450.0,0.9238795325112867,-0.3826834323650897,0.0,860.0,-0.5735764363510462,-0.8191520442889918,6.938893903907228e-18,360.0,0.9999999999999999,5.551115123125783e-17,0.0,0.9999999999999982,0.3000000000000007,1.8000000000000007,1.7000000000000002,5.6,0.0,370.0,0.9990482215818578,-0.04361938736533588,0.0,890.0,-0.6755902076156601,-0.7372773368101241,0.0,280.0,0.9396926207859084,0.3420201433256689,0.0,0.40000000000000036,-0.9000000000000004,1.6000000000000014,1.4,4.2,0.0,462.0,0.9025852843498607,-0.4305110968082948,0.0,759.0,-0.16934950384902459,-0.9855560590580777,1.0,-1.0,-0.28844838682927876,-0.44323055379825016,0.0,2.9000000000000004,-4.400000000000001,10.2,0.7999999999999998,3.0999999999999996,3.469446951953614e-18,500.0,0.8191520442889917,-0.5735764363510463,0.0,840.0,-0.5000000000000001,-0.8660254037844386,0.0,80.0,0.34202014332566855,0.9396926207859083,0.0,12.8,8.3,17.2,3.3,6.699999999999999,0.0,0.0,0.0,1.0,0.0,810.0,-0.38268343236508967,-0.9238795325112868,1.0,-1.0,-0.017853580658448148,-0.3567052863729232,0.0,8.4,-0.6999999999999993,17.6,2.2,4.7,-6.938893903907228e-18,315.0,0.9807852804032304,0.19509032201612833,0.0,950.0,-0.8433914458128855,-0.5372996083468242,0.0,1153.0,-0.9496991262018771,0.31316380648374914,0.0,1.0,-1.7999999999999998,3.9000000000000004,0.6000000000000001,2.8,0.0,1439.0,-0.0043633092847465416,0.9999904807207345,0.0,970.0,-0.8870108331782215,-0.46174861323503436,1.0,-1.0,-0.4160614854700577,-0.419088747879013,0.0,6.0,0.0,12.1,1.1,2.8,0.0,490.0,0.8433914458128856,-0.537299608346824,0.0,950.0,-0.8433914458128855,-0.5372996083468242,0.0,1070.0,-0.9990482215818578,-0.04361938736533613,0.0,10.2,5.1,15.3,2.5,5.0,0.0,187.0,0.7283709698824002,0.6851829903263592,0.0,867.0,-0.5983246005706591,-0.8012538126910607,0.0,721.0,-0.004363309284746639,-0.9999904807207345,0.0,8.0,4.6,11.3,2.2,11.4,0.0,94.0,0.3987490689252462,0.917060074385124,0.9999999999999999,-1.0,-0.24726896204607396,-0.8486142941076797,0.0,59.0,0.2546019482055276,0.9670459389139431,0.0,2.8000000000000007,0.5,5.199999999999999,0.8,2.8,0.0,490.0,0.8433914458128856,-0.537299608346824,0.0,960.0,-0.8660254037844384,-0.5000000000000004,0.0,160.0,0.6427876096865395,0.7660444431189778,0.0,5.0,-1.5999999999999996,11.6,1.1,3.0999999999999996,0.0,530.0,0.7372773368101241,-0.6755902076156602,0.0,950.0,-0.8433914458128855,-0.5372996083468242,0.0,170.0,0.6755902076156602,0.737277336810124,0.0,0,1,-0.8660254037844384,-0.5000000000000004,0.09647666666666671,0.003471459827382768,0.0935,0.10029,0.09564,0.09666999999999999,0.004028935343257703,0.09246,0.10279,0.09548999999999999,0.09684666666666668,0.0036080398439005453,0.09246,0.10279,0.09548999999999999,0.09907416666666667,0.004676131731574464,0.09246,0.1093,0.098575,0.09232815476190476,0.010552274530747464,0.06784,0.11088,0.093895,0.09513673611111109,0.016777292199882304,0.05635,0.12889,0.09853,0.11038566552511415,0.012388253242277264,0.05635,0.14414,0.1109,0.09664479
2020-01-01 17:00:00,0.10573,2020-01-01,7.199999999999999,0.8000000000000007,13.5,1.4,3.0999999999999996,2.0,0.0,450.0,0.9238795325112867,-0.3826834323650897,0.0,860.0,-0.5735764363510462,-0.8191520442889918,6.938893903907228e-18,360.0,0.9999999999999999,5.551115123125783e-17,0.0,0.9999999999999982,0.3000000000000007,1.8000000000000007,1.7000000000000002,5.6,0.0,370.0,0.9990482215818578,-0.04361938736533588,0.0,890.0,-0.6755902076156601,-0.7372773368101241,0.0,280.0,0.9396926207859084,0.3420201433256689,0.0,0.40000000000000036,-0.9000000000000004,1.6000000000000014,1.4,4.2,0.0,462.0,0.9025852843498607,-0.4305110968082948,0.0,759.0,-0.16934950384902459,-0.9855560590580777,1.0,-1.0,-0.28844838682927876,-0.44323055379825016,0.0,2.9000000000000004,-4.400000000000001,10.2,0.7999999999999998,3.0999999999999996,3.469446951953614e-18,500.0,0.8191520442889917,-0.5735764363510463,0.0,840.0,-0.5000000000000001,-0.8660254037844386,0.0,80.0,0.34202014332566855,0.9396926207859083,0.0,12.8,8.3,17.2,3.3,6.699999999999999,0.0,0.0,0.0,1.0,0.0,810.0,-0.38268343236508967,-0.9238795325112868,1.0,-1.0,-0.017853580658448148,-0.3567052863729232,0.0,8.4,-0.6999999999999993,17.6,2.2,4.7,-6.938893903907228e-18,315.0,0.9807852804032304,0.19509032201612833,0.0,950.0,-0.8433914458128855,-0.5372996083468242,0.0,1153.0,-0.9496991262018771,0.31316380648374914,0.0,1.0,-1.7999999999999998,3.9000000000000004,0.6000000000000001,2.8,0.0,1439.0,-0.0043633092847465416,0.9999904807207345,0.0,970.0,-0.8870108331782215,-0.46174861323503436,1.0,-1.0,-0.4160614854700577,-0.419088747879013,0.0,6.0,0.0,12.1,1.1,2.8,0.0,490.0,0.8433914458128856,-0.537299608346824,0.0,950.0,-0.8433914458128855,-0.5372996083468242,0.0,1070.0,-0.9990482215818578,-0.04361938736533613,0.0,10.2,5.1,15.3,2.5,5.0,0.0,187.0,0.7283709698824002,0.6851829903263592,0.0,867.0,-0.5983246005706591,-0.8012538126910607,0.0,721.0,-0.004363309284746639,-0.9999904807207345,0.0,8.0,4.6,11.3,2.2,11.4,0.0,94.0,0.3987490689252462,0.917060074385124,0.9999999999999999,-1.0,-0.24726896204607396,-0.8486142941076797,0.0,59.0,0.2546019482055276,0.9670459389139431,0.0,2.8000000000000007,0.5,5.199999999999999,0.8,2.8,0.0,490.0,0.8433914458128856,-0.537299608346824,0.0,960.0,-0.8660254037844384,-0.5000000000000004,0.0,160.0,0.6427876096865395,0.7660444431189778,0.0,5.0,-1.5999999999999996,11.6,1.1,3.0999999999999996,0.0,530.0,0.7372773368101241,-0.6755902076156602,0.0,950.0,-0.8433914458128855,-0.5372996083468242,0.0,170.0,0.6755902076156602,0.737277336810124,0.0,0,1,-0.9659258262890683,-0.25881904510252063,0.10055333333333337,0.005050151812881657,0.09564,0.10573,0.10029,0.09716000000000001,0.004986987066370664,0.09246,0.10573,0.09548999999999999,0.09781083333333333,0.00430367170582719,0.09246,0.10573,0.09727,0.09902,0.004586640335282526,0.09246,0.1093,0.098575,0.09241464285714286,0.010602398660523215,0.06784,0.11088,0.09406,0.09513516666666667,0.016776246833849456,0.05635,0.12889,0.09853,0.11038174200913242,0.012384283333570221,0.05635,0.14414,0.11089,0.100676276
2020-01-01 18:00:00,0.10766,2020-01-01,7.199999999999999,0.8000000000000007,13.5,1.4,3.0999999999999996,2.0,0.0,450.0,0.9238795325112867,-0.3826834323650897,0.0,860.0,-0.5735764363510462,-0.8191520442889918,6.938893903907228e-18,360.0,0.9999999999999999,5.551115123125783e-17,0.0,0.9999999999999982,0.3000000000000007,1.8000000000000007,1.7000000000000002,5.6,0.0,370.0,0.9990482215818578,-0.04361938736533588,0.0,890.0,-0.6755902076156601,-0.7372773368101241,0.0,280.0,0.9396926207859084,0.3420201433256689,0.0,0.40000000000000036,-0.9000000000000004,1.6000000000000014,1.4,4.2,0.0,462.0,0.9025852843498607,-0.4305110968082948,0.0,759.0,-0.16934950384902459,-0.9855560590580777,1.0,-1.0,-0.28844838682927876,-0.44323055379825016,0.0,2.9000000000000004,-4.400000000000001,10.2,0.7999999999999998,3.0999999999999996,3.469446951953614e-18,500.0,0.8191520442889917,-0.5735764363510463,0.0,840.0,-0.5000000000000001,-0.8660254037844386,0.0,80.0,0.34202014332566855,0.9396926207859083,0.0,12.8,8.3,17.2,3.3,6.699999999999999,0.0,0.0,0.0,1.0,0.0,810.0,-0.38268343236508967,-0.9238795325112868,1.0,-1.0,-0.017853580658448148,-0.3567052863729232,0.0,8.4,-0.6999999999999993,17.6,2.2,4.7,-6.938893903907228e-18,315.0,0.9807852804032304,0.19509032201612833,0.0,950.0,-0.8433914458128855,-0.5372996083468242,0.0,1153.0,-0.9496991262018771,0.31316380648374914,0.0,1.0,-1.7999999999999998,3.9000000000000004,0.6000000000000001,2.8,0.0,1439.0,-0.0043633092847465416,0.9999904807207345,0.0,970.0,-0.8870108331782215,-0.46174861323503436,1.0,-1.0,-0.4160614854700577,-0.419088747879013,0.0,6.0,0.0,12.1,1.1,2.8,0.0,490.0,0.8433914458128856,-0.537299608346824,0.0,950.0,-0.8433914458128855,-0.5372996083468242,0.0,1070.0,-0.9990482215818578,-0.04361938736533613,0.0,10.2,5.1,15.3,2.5,5.0,0.0,187.0,0.7283709698824002,0.6851829903263592,0.0,867.0,-0.5983246005706591,-0.8012538126910607,0.0,721.0,-0.004363309284746639,-0.9999904807207345,0.0,8.0,4.6,11.3,2.2,11.4,0.0,94.0,0.3987490689252462,0.917060074385124,0.9999999999999999,-1.0,-0.24726896204607396,-0.8486142941076797,0.0,59.0,0.2546019482055276,0.9670459389139431,0.0,2.8000000000000007,0.5,5.199999999999999,0.8,2.8,0.0,490.0,0.8433914458128856,-0.537299608346824,0.0,960.0,-0.8660254037844384,-0.5000000000000004,0.0,160.0,0.6427876096865395,0.7660444431189778,0.0,5.0,-1.5999999999999996,11.6,1.1,3.0999999999999996,0.0,530.0,0.7372773368101241,-0.6755902076156602,0.0,950.0,-0.8433914458128855,-0.5372996083468242,0.0,170.0,0.6755902076156602,0.737277336810124,0.0,0,1,-1.0,-1.8369701987210297e-16,0.10257333333333336,0.007860390151459493,0.09352,0.10766,0.10654,0.10564166666666668,0.006064102296858677,0.09352,0.10977,0.107405,0.10140083333333333,0.006902126758318854,0.09246,0.10977,0.10301,0.09993666666666667,0.005521885048855604,0.09246,0.10977,0.099945,0.09349869047619047,0.010379673224090575,0.06784,0.11088,0.09466,0.09508769444444444,0.016744721534461313,0.05635,0.12889,0.09839,0.1103590205479452,0.012363327069962803,0.05635,0.14414,0.11088,0.101847164
2020-01-01 19:00:00,0.10977,2020-01-01,7.199999999999999,0.8000000000000007,13.5,1.4,3.0999999999999996,2.0,0.0,450.0,0.9238795325112867,-0.3826834323650897,0.0,860.0,-0.5735764363510462,-0.8191520442889918,6.938893903907228e-18,360.0,0.9999999999999999,5.551115123125783e-17,0.0,0.9999999999999982,0.3000000000000007,1.8000000000000007,1.7000000000000002,5.6,0.0,370.0,0.9990482215818578,-0.04361938736533588,0.0,890.0,-0.6755902076156601,-0.7372773368101241,0.0,280.0,0.9396926207859084,0.3420201433256689,0.0,0.40000000000000036,-0.9000000000000004,1.6000000000000014,1.4,4.2,0.0,462.0,0.9025852843498607,-0.4305110968082948,0.0,759.0,-0.16934950384902459,-0.9855560590580777,1.0,-1.0,-0.28844838682927876,-0.44323055379825016,0.0,2.9000000000000004,-4.400000000000001,10.2,0.7999999999999998,3.0999999999999996,3.469446951953614e-18,500.0,0.8191520442889917,-0.5735764363510463,0.0,840.0,-0.5000000000000001,-0.8660254037844386,0.0,80.0,0.34202014332566855,0.9396926207859083,0.0,12.8,8.3,17.2,3.3,6.699999999999999,0.0,0.0,0.0,1.0,0.0,810.0,-0.38268343236508967,-0.9238795325112868,1.0,-1.0,-0.017853580658448148,-0.3567052863729232,0.0,8.4,-0.6999999999999993,17.6,2.2,4.7,-6.938893903907228e-18,315.0,0.9807852804032304,0.19509032201612833,0.0,950.0,-0.8433914458128855,-0.5372996083468242,0.0,1153.0,-0.9496991262018771,0.31316380648374914,0.0,1.0,-1.7999999999999998,3.9000000000000004,0.6000000000000001,2.8,0.0,1439.0,-0.0043633092847465416,0.9999904807207345,0.0,970.0,-0.8870108331782215,-0.46174861323503436,1.0,-1.0,-0.4160614854700577,-0.419088747879013,0.0,6.0,0.0,12.1,1.1,2.8,0.0,490.0,0.8433914458128856,-0.537299608346824,0.0,950.0,-0.8433914458128855,-0.5372996083468242,0.0,1070.0,-0.9990482215818578,-0.04361938736533613,0.0,10.2,5.1,15.3,2.5,5.0,0.0,187.0,0.7283709698824002,0.6851829903263592,0.0,867.0,-0.5983246005706591,-0.8012538126910607,0.0,721.0,-0.004363309284746639,-0.9999904807207345,0.0,8.0,4.6,11.3,2.2,11.4,0.0,94.0,0.3987490689252462,0.917060074385124,0.9999999999999999,-1.0,-0.24726896204607396,-0.8486142941076797,0.0,59.0,0.2546019482055276,0.9670459389139431,0.0,2.8000000000000007,0.5,5.199999999999999,0.8,2.8,0.0,490.0,0.8433914458128856,-0.537299608346824,0.0,960.0,-0.8660254037844384,-0.5000000000000004,0.0,160.0,0.6427876096865395,0.7660444431189778,0.0,5.0,-1.5999999999999996,11.6,1.1,3.0999999999999996,0.0,530.0,0.7372773368101241,-0.6755902076156602,0.0,950.0,-0.8433914458128855,-0.5372996083468242,0.0,170.0,0.6755902076156602,0.737277336810124,0.0,0,1,-0.9659258262890684,0.2588190451025203,0.10526333333333338,0.004757198054861114,0.10029,0.10977,0.10573,0.099565,0.007004937544342178,0.09246,0.10977,0.097965,0.09921416666666667,0.005216272542960788,0.09246,0.10977,0.099595,0.09903958333333333,0.004633207621329097,0.09246,0.10977,0.098575,0.09258833333333334,0.01064644978450196,0.06784,0.11088,0.09415499999999999,0.09513068055555556,0.016771894281317482,0.05635,0.12889,0.09853,0.11037863356164383,0.012381018330652553,0.05635,0.14414,0.11088,0.10613006
2020-01-01 20:00:00,0.10715,2020-01-01,7.199999999999999,0.8000000000000007,13.5,1.4,3.0999999999999996,2.0,0.0,450.0,0.9238795325112867,-0.3826834323650897,0.0,860.0,-0.5735764363510462,-0.8191520442889918,6.938893903907228e-18,360.0,0.9999999999999999,5.551115123125783e-17,0.0,0.9999999999999982,0.3000000000000007,1.8000000000000007,1.7000000000000002,5.6,0.0,370.0,0.9990482215818578,-0.04361938736533588,0.0,890.0,-0.6755902076156601,-0.7372773368101241,0.0,280.0,0.9396926207859084,0.3420201433256689,0.0,0.40000000000000036,-0.9000000000000004,1.6000000000000014,1.4,4.2,0.0,462.0,0.9025852843498607,-0.4305110968082948,0.0,759.0,-0.16934950384902459,-0.9855560590580777,1.0,-1.0,-0.28844838682927876,-0.44323055379825016,0.0,2.9000000000000004,-4.400000000000001,10.2,0.7999999999999998,3.0999999999999996,3.469446951953614e-18,500.0,0.8191520442889917,-0.5735764363510463,0.0,840.0,-0.5000000000000001,-0.8660254037844386,0.0,80.0,0.34202014332566855,0.9396926207859083,0.0,12.8,8.3,17.2,3.3,6.699999999999999,0.0,0.0,0.0,1.0,0.0,810.0,-0.38268343236508967,-0.9238795325112868,1.0,-1.0,-0.017853580658448148,-0.3567052863729232,0.0,8.4,-0.6999999999999993,17.6,2.2,4.7,-6.938893903907228e-18,315.0,0.9807852804032304,0.19509032201612833,0.0,950.0,-0.8433914458128855,-0.5372996083468242,0.0,1153.0,-0.9496991262018771,0.31316380648374914,0.0,1.0,-1.7999999999999998,3.9000000000000004,0.6000000000000001,2.8,0.0,1439.0,-0.0043633092847465416,0.9999904807207345,0.0,970.0,-0.8870108331782215,-0.46174861323503436,1.0,-1.0,-0.4160614854700577,-0.419088747879013,0.0,6.0,0.0,12.1,1.1,2.8,0.0,490.0,0.8433914458128856,-0.537299608346824,0.0,950.0,-0.8433914458128855,-0.5372996083468242,0.0,1070.0,-0.9990482215818578,-0.04361938736533613,0.0,10.2,5.1,15.3,2.5,5.0,0.0,187.0,0.7283709698824002,0.6851829903263592,0.0,867.0,-0.5983246005706591,-0.8012538126910607,0.0,721.0,-0.004363309284746639,-0.9999904807207345,0.0,8.0,4.6,11.3,2.2,11.4,0.0,94.0,0.3987490689252462,0.917060074385124,0.9999999999999999,-1.0,-0.24726896204607396,-0.8486142941076797,0.0,59.0,0.2546019482055276,0.9670459389139431,0.0,2.8000000000000007,0.5,5.199999999999999,0.8,2.8,0.0,490.0,0.8433914458128856,-0.537299608346824,0.0,960.0,-0.8660254037844384,-0.5000000000000004,0.0,160.0,0.6427876096865395,0.7660444431189778,0.0,5.0,-1.5999999999999996,11.6,1.1,3.0999999999999996,0.0,530.0,0.7372773368101241,-0.6755902076156602,0.0,950.0,-0.8433914458128855,-0.5372996083468242,0.0,170.0,0.6755902076156602,0.737277336810124,0.0,0,1,-0.8660254037844386,0.5000000000000001,0.10755000000000003,0.002049487740839625,0.10573,0.10977,0.10715,0.10201333333333334,0.0065792238650761335,0.0935,0.10977,0.10301,0.09990166666666667,0.005692989042888332,0.09246,0.10977,0.100465,0.09901333333333333,0.0045830478435485615,0.09246,0.10977,0.098575,0.09276869047619048,0.010634880277386766,0.06784,0.11088,0.094285,0.09512148611111111,0.01676347433914173,0.05635,0.12889,0.09853,0.11037502853881277,0.012377359312094247,0.05635,0.14414,0.11088,0.10890564
2020-01-01 21:00:00,0.10921,2020-01-01,7.199999999999999,0.8000000000000007,13.5,1.4,3.0999999999999996,2.0,0.0,450.0,0.9238795325112867,-0.3826834323650897,0.0,860.0,-0.5735764363510462,-0.8191520442889918,6.938893903907228e-18,360.0,0.9999999999999999,5.551115123125783e-17,0.0,0.9999999999999982,0.3000000000000007,1.8000000000000007,1.7000000000000002,5.6,0.0,370.0,0.9990482215818578,-0.04361938736533588,0.0,890.0,-0.6755902076156601,-0.7372773368101241,0.0,280.0,0.9396926207859084,0.3420201433256689,0.0,0.40000000000000036,-0.9000000000000004,1.6000000000000014,1.4,4.2,0.0,462.0,0.9025852843498607,-0.4305110968082948,0.0,759.0,-0.16934950384902459,-0.9855560590580777,1.0,-1.0,-0.28844838682927876,-0.44323055379825016,0.0,2.9000000000000004,-4.400000000000001,10.2,0.7999999999999998,3.0999999999999996,3.469446951953614e-18,500.0,0.8191520442889917,-0.5735764363510463,0.0,840.0,-0.5000000000000001,-0.8660254037844386,0.0,80.0,0.34202014332566855,0.9396926207859083,0.0,12.8,8.3,17.2,3.3,6.699999999999999,0.0,0.0,0.0,1.0,0.0,810.0,-0.38268343236508967,-0.9238795325112868,1.0,-1.0,-0.017853580658448148,-0.3567052863729232,0.0,8.4,-0.6999999999999993,17.6,2.2,4.7,-6.938893903907228e-18,315.0,0.9807852804032304,0.19509032201612833,0.0,950.0,-0.8433914458128855,-0.5372996083468242,0.0,1153.0,-0.9496991262018771,0.31316380648374914,0.0,1.0,-1.7999999999999998,3.9000000000000004,0.6000000000000001,2.8,0.0,1439.0,-0.0043633092847465416,0.9999904807207345,0.0,970.0,-0.8870108331782215,-0.46174861323503436,1.0,-1.0,-0.4160614854700577,-0.419088747879013,0.0,6.0,0.0,12.1,1.1,2.8,0.0,490.0,0.8433914458128856,-0.537299608346824,0.0,950.0,-0.8433914458128855,-0.5372996083468242,0.0,1070.0,-0.9990482215818578,-0.04361938736533613,0.0,10.2,5.1,15.3,2.5,5.0,0.0,187.0,0.7283709698824002,0.6851829903263592,0.0,867.0,-0.5983246005706591,-0.8012538126910607,0.0,721.0,-0.004363309284746639,-0.9999904807207345,0.0,8.0,4.6,11.3,2.2,11.4,0.0,94.0,0.3987490689252462,0.917060074385124,0.9999999999999999,-1.0,-0.24726896204607396,-0.8486142941076797,0.0,59.0,0.2546019482055276,0.9670459389139431,0.0,2.8000000000000007,0.5,5.199999999999999,0.8,2.8,0.0,490.0,0.8433914458128856,-0.537299608346824,0.0,960.0,-0.8660254037844384,-0.5000000000000004,0.0,160.0,0.6427876096865395,0.7660444431189778,0.0,5.0,-1.5999999999999996,11.6,1.1,3.0999999999999996,0.0,530.0,0.7372773368101241,-0.6755902076156602,0.0,950.0,-0.8433914458128855,-0.5372996083468242,0.0,170.0,0.6755902076156602,0.737277336810124,0.0,0,1,-0.7071067811865477,0.7071067811865474,0.10871000000000004,0.0013797101144289177,0.10715,0.10977,0.10921,0.10463166666666666,0.005560792809192986,0.09564,0.10977,0.10644,0.10111333333333333,0.006016405349821078,0.09246,0.10977,0.10074,0.09926666666666667,0.0049720275513151805,0.09246,0.10977,0.098575,0.09297666666666667,0.010612573531713156,0.06784,0.11088,0.094505,0.09511777777777777,0.016760056920828627,0.05635,0.12889,0.09853,0.11037151255707763,0.012373314024529113,0.05635,0.14414,0.11088,0.10908378
2020-01-01 22:00:00,0.10654,2020-01-01,7.199999999999999,0.8000000000000007,13.5,1.4,3.0999999999999996,2.0,0.0,450.0,0.9238795325112867,-0.3826834323650897,0.0,860.0,-0.5735764363510462,-0.8191520442889918,6.938893903907228e-18,360.0,0.9999999999999999,5.551115123125783e-17,0.0,0.9999999999999982,0.3000000000000007,1.8000000000000007,1.7000000000000002,5.6,0.0,370.0,0.9990482215818578,-0.04361938736533588,0.0,890.0,-0.6755902076156601,-0.7372773368101241,0.0,280.0,0.9396926207859084,0.3420201433256689,0.0,0.40000000000000036,-0.9000000000000004,1.6000000000000014,1.4,4.2,0.0,462.0,0.9025852843498607,-0.4305110968082948,0.0,759.0,-0.16934950384902459,-0.9855560590580777,1.0,-1.0,-0.28844838682927876,-0.44323055379825016,0.0,2.9000000000000004,-4.400000000000001,10.2,0.7999999999999998,3.0999999999999996,3.469446951953614e-18,500.0,0.8191520442889917,-0.5735764363510463,0.0,840.0,-0.5000000000000001,-0.8660254037844386,0.0,80.0,0.34202014332566855,0.9396926207859083,0.0,12.8,8.3,17.2,3.3,6.699999999999999,0.0,0.0,0.0,1.0,0.0,810.0,-0.38268343236508967,-0.9238795325112868,1.0,-1.0,-0.017853580658448148,-0.3567052863729232,0.0,8.4,-0.6999999999999993,17.6,2.2,4.7,-6.938893903907228e-18,315.0,0.9807852804032304,0.19509032201612833,0.0,950.0,-0.8433914458128855,-0.5372996083468242,0.0,1153.0,-0.9496991262018771,0.31316380648374914,0.0,1.0,-1.7999999999999998,3.9000000000000004,0.6000000000000001,2.8,0.0,1439.0,-0.0043633092847465416,0.9999904807207345,0.0,970.0,-0.8870108331782215,-0.46174861323503436,1.0,-1.0,-0.4160614854700577,-0.419088747879013,0.0,6.0,0.0,12.1,1.1,2.8,0.0,490.0,0.8433914458128856,-0.537299608346824,0.0,950.0,-0.8433914458128855,-0.5372996083468242,0.0,1070.0,-0.9990482215818578,-0.04361938736533613,0.0,10.2,5.1,15.3,2.5,5.0,0.0,187.0,0.7283709698824002,0.6851829903263592,0.0,867.0,-0.5983246005706591,-0.8012538126910607,0.0,721.0,-0.004363309284746639,-0.9999904807207345,0.0,8.0,4.6,11.3,2.2,11.4,0.0,94.0,0.3987490689252462,0.917060074385124,0.9999999999999999,-1.0,-0.24726896204607396,-0.8486142941076797,0.0,59.0,0.2546019482055276,0.9670459389139431,0.0,2.8000000000000007,0.5,5.199999999999999,0.8,2.8,0.0,490.0,0.8433914458128856,-0.537299608346824,0.0,960.0,-0.8660254037844384,-0.5000000000000004,0.0,160.0,0.6427876096865395,0.7660444431189778,0.0,5.0,-1.5999999999999996,11.6,1.1,3.0999999999999996,0.0,530.0,0.7372773368101241,-0.6755902076156602,0.0,950.0,-0.8433914458128855,-0.5372996083468242,0.0,170.0,0.6755902076156602,0.737277336810124,0.0,0,1,-0.5000000000000004,0.8660254037844384,0.10763333333333336,0.0013990830329846894,0.10654,0.10921,0.10715,0.10644833333333335,0.0033941739299514556,0.10029,0.10977,0.106845,0.101605,0.00621210182554435,0.09246,0.10977,0.101815,0.09965249999999999,0.005166640696524049,0.09246,0.10977,0.09925,0.09318696428571428,0.010528378574114145,0.06784,0.11088,0.094625,0.09511181944444445,0.016755225200249895,0.05635,0.12889,0.09853,0.1103677100456621,0.012369371505459121,0.05635,0.14414,0.11088,0.108058296
2020-01-01 23:00:00,0.10106,2020-01-01,7.199999999999999,0.8000000000000007,13.5,1.4,3.0999999999999996,2.0,0.0,450.0,0.9238795325112867,-0.3826834323650897,0.0,860.0,-0.5735764363510462,-0.8191520442889918,6.938893903907228e-18,360.0,0.9999999999999999,5.551115123125783e-17,0.0,0.9999999999999982,0.3000000000000007,1.8000000000000007,1.7000000000000002,5.6,0.0,370.0,0.9990482215818578,-0.04361938736533588,0.0,890.0,-0.6755902076156601,-0.7372773368101241,0.0,280.0,0.9396926207859084,0.3420201433256689,0.0,0.40000000000000036,-0.9000000000000004,1.6000000000000014,1.4,4.2,0.0,462.0,0.9025852843498607,-0.4305110968082948,0.0,759.0,-0.16934950384902459,-0.9855560590580777,1.0,-1.0,-0.28844838682927876,-0.44323055379825016,0.0,2.9000000000000004,-4.400000000000001,10.2,0.7999999999999998,3.0999999999999996,3.469446951953614e-18,500.0,0.8191520442889917,-0.5735764363510463,0.0,840.0,-0.5000000000000001,-0.8660254037844386,0.0,80.0,0.34202014332566855,0.9396926207859083,0.0,12.8,8.3,17.2,3.3,6.699999999999999,0.0,0.0,0.0,1.0,0.0,810.0,-0.38268343236508967,-0.9238795325112868,1.0,-1.0,-0.017853580658448148,-0.3567052863729232,0.0,8.4,-0.6999999999999993,17.6,2.2,4.7,-6.938893903907228e-18,315.0,0.9807852804032304,0.19509032201612833,0.0,950.0,-0.8433914458128855,-0.5372996083468242,0.0,1153.0,-0.9496991262018771,0.31316380648374914,0.0,1.0,-1.7999999999999998,3.9000000000000004,0.6000000000000001,2.8,0.0,1439.0,-0.0043633092847465416,0.9999904807207345,0.0,970.0,-0.8870108331782215,-0.46174861323503436,1.0,-1.0,-0.4160614854700577,-0.419088747879013,0.0,6.0,0.0,12.1,1.1,2.8,0.0,490.0,0.8433914458128856,-0.537299608346824,0.0,950.0,-0.8433914458128855,-0.5372996083468242,0.0,1070.0,-0.9990482215818578,-0.04361938736533613,0.0,10.2,5.1,15.3,2.5,5.0,0.0,187.0,0.7283709698824002,0.6851829903263592,0.0,867.0,-0.5983246005706591,-0.8012538126910607,0.0,721.0,-0.004363309284746639,-0.9999904807207345,0.0,8.0,4.6,11.3,2.2,11.4,0.0,94.0,0.3987490689252462,0.917060074385124,0.9999999999999999,-1.0,-0.24726896204607396,-0.8486142941076797,0.0,59.0,0.2546019482055276,0.9670459389139431,0.0,2.8000000000000007,0.5,5.199999999999999,0.8,2.8,0.0,490.0,0.8433914458128856,-0.537299608346824,0.0,960.0,-0.8660254037844384,-0.5000000000000004,0.0,160.0,0.6427876096865395,0.7660444431189778,0.0,5.0,-1.5999999999999996,11.6,1.1,3.0999999999999996,0.0,530.0,0.7372773368101241,-0.6755902076156602,0.0,950.0,-0.8433914458128855,-0.5372996083468242,0.0,170.0,0.6755902076156602,0.737277336810124,0.0,0,1,-0.25881904510252157,0.9659258262890681,0.1007466666666667,0.007075205532926424,0.09352,0.10766,0.10106,0.10419,0.005918972883880129,0.09352,0.10921,0.106845,0.10187750000000001,0.006637968096832627,0.09246,0.10977,0.103395,0.0999975,0.00552605547659957,0.09246,0.10977,0.100465,0.09357928571428571,0.01038553788166427,0.06784,0.11088,0.094775,0.09507944444444444,0.0167403069821007,0.05635,0.12889,0.09839,0.11035505821917808,0.012360744005526905,0.05635,0.14414,0.110875,0.101611644
